0,-1.84
0.004,-1.84
0.008,-1.84
0.012,-1.84
0.016,-1.84
0.02,-1.84
0.024,-1.84
0.028,-1.84
0.032,-1.84
0.036,-1.84
0.04,-1.84
0.044,-1.84
0.048,-1.84
0.052,-1.84
0.056,-1.84
0.06,-1.84
0.064,-1.84
0.068,-1.84
0.072,-1.84
0.076,-1.84
0.08,-1.84
0.084,-1.84
0.088,-1.84
0.092,-1.84
0.096,-1.84
0.1,-1.84
0.104,-1.84
0.108,-1.84
0.112,-1.84
0.116,-1.84
0.12,-1.84
0.124,-1.84
0.128,-1.84
0.132,-1.84
0.136,-1.84
0.14,-1.84
0.144,-1.84
0.148,-1.84
0.152,-1.84
0.156,-1.84
0.16,-1.84
0.164,-1.84
0.168,-1.84
0.172,-1.84
0.176,-1.84
0.18,-1.84
0.184,-1.84
0.188,-1.84
0.192,-1.84
0.196,-1.84
0.2,-1.84
0.204,-1.84
0.208,-1.84
0.212,-1.84
0.216,-1.84
0.22,-1.84
0.224,-1.84
0.228,-1.84
0.232,-1.84
0.236,-1.84
0.24,-1.84
0.244,-1.84
0.248,-1.84
0.252,-1.84
0.256,-1.84
0.26,-1.84
0.264,-1.84
0.268,-1.84
0.272,-1.84
0.276,-1.84
0.28,-1.84
0.284,-1.84
0.288,-1.84
0.292,-1.84
0.296,-1.84
0.3,-1.84
0.304,-1.84
0.308,-1.84
0.312,-1.84
0.316,-1.84
0.32,-1.84
0.324,-1.84
0.328,-1.84
0.332,-1.84
0.336,-1.84
0.34,-1.84
0.344,-1.84
0.348,-1.84
0.352,-1.84
0.356,-1.84
0.36,-1.84
0.364,-1.84
0.368,-1.84
0.372,-1.84
0.376,-1.84
0.38,-1.84
0.384,-1.84
0.388,-1.84
0.392,-1.84
0.396,-1.84
0.4,-1.84
0.404,-1.84
0.408,-1.84
0.412,-1.84
0.416,-1.84
0.42,-1.84
0.424,-1.84
0.428,-1.84
0.432,-1.84
0.436,-1.84
0.44,-1.84
0.444,-1.84
0.448,-1.84
0.452,-1.84
0.456,-1.84
0.46,-1.84
0.464,-1.84
0.468,-1.84
0.472,-1.84
0.476,-1.84
0.48,-1.84
0.484,-1.84
0.488,-1.84
0.492,-1.84
0.496,-1.84
0.5,-1.84
0.504,-1.84
0.508,-1.84
0.512,-1.84
0.516,-1.84
0.52,-1.84
0.524,-1.84
0.528,-1.84
0.532,-1.84
0.536,-1.84
0.54,-1.84
0.544,-1.84
0.548,-1.84
0.552,-1.84
0.556,-1.84
0.56,-1.84
0.564,-1.84
0.568,-1.84
0.572,-1.84
0.576,-1.84
0.58,-1.84
0.584,-1.84
0.588,-1.84
0.592,-1.84
0.596,-1.84
0.6,-1.84
0.604,-1.84
0.608,-1.84
0.612,-1.84
0.616,-1.84
0.62,-1.84
0.624,-1.84
0.628,-1.84
0.632,-1.84
0.636,-1.84
0.64,-1.84
0.644,-1.84
0.648,-1.84
0.652,-1.84
0.656,-1.84
0.66,-1.84
0.664,-1.84
0.668,-1.84
0.672,-1.84
0.676,-1.84
0.68,-1.84
0.684,-1.84
0.688,-1.84
0.692,-1.84
0.696,-1.84
0.7,-1.84
0.704,-1.84
0.708,-1.84
0.712,-1.84
0.716,-1.84
0.72,-1.84
0.724,-1.84
0.728,-1.84
0.732,-1.84
0.736,-1.84
0.74,-1.84
0.744,-1.84
0.748,-1.84
0.752,-1.84
0.756,-1.84
0.76,-1.84
0.764,-1.84
0.768,-1.84
0.772,-1.84
0.776,-1.84
0.78,-1.84
0.784,-1.84
0.788,-1.84
0.792,-1.84
0.796,-1.84
0.8,-1.84
0.804,-0.16
0.808,-0.16
0.812,-0.16
0.816,-0.16
0.82,-0.18
0.824,-0.16
0.828,-0.18
0.832,-0.18
0.836,-0.16
0.84,-0.16
0.844,-0.16
0.848,-0.16
0.852,-0.16
0.856,-0.14
0.86,-0.14
0.864,-0.16
0.868,-0.14
0.872,-0.14
0.876,-0.16
0.88,-0.14
0.884,-0.14
0.888,-0.14
0.892,-0.12
0.896,-0.14
0.9,-0.14
0.904,-0.12
0.908,-0.12
0.912,-0.12
0.916,-0.12
0.92,-0.12
0.924,-0.1
0.928,-0.12
0.932,-0.12
0.936,-0.12
0.94,-0.1
0.944,-0.12
0.948,-0.12
0.952,-0.1
0.956,-0.1
0.96,-0.1
0.964,-0.08
0.968,-0.1
0.972,-0.08
0.976,-0.06
0.98,-0.1
0.984,-0.08
0.988,-0.08
0.992,-0.06
0.996,-0.08
1,-0.06
1.004,-0.08
1.008,-0.08
1.012,-0.06
1.016,-0.06
1.02,-0.06
1.024,-0.08
1.028,-0.06
1.032,-0.04
1.036,-0.04
1.04,-0.06
1.044,-0.06
1.048,-0.06
1.052,-0.04
1.056,-0.04
1.06,-0.02
1.064,-0.04
1.068,-0.02
1.072,-0.06
1.076,-0.04
1.08,-0.02
1.084,-0.02
1.088,0
1.092,-0.04
1.096,-0.04
1.1,0
1.104,-0.02
1.108,0
1.112,0.02
1.116,0
1.12,-0.02
1.124,0
1.128,0
1.132,0.02
1.136,0
1.14,0
1.144,0.02
1.148,0.02
1.152,0
1.156,0.02
1.16,0.02
1.164,0.04
1.168,0.04
1.172,0.02
1.176,0.04
1.18,0.04
1.184,0.02
1.188,0.02
1.192,0.04
1.196,0.04
1.2,0.06
1.204,0.04
1.208,0.04
1.212,0.08
1.216,0.06
1.22,0.06
1.224,0.06
1.228,0.06
1.232,0.06
1.236,0.04
1.24,0.06
1.244,0.08
1.248,0.08
1.252,0.08
1.256,0.06
1.26,0.08
1.264,0.08
1.268,0.08
1.272,0.08
1.276,0.1
1.28,0.1
1.284,0.1
1.288,0.1
1.292,0.1
1.296,0.1
1.3,0.1
1.304,0.1
1.308,0.1
1.312,0.1
1.316,0.1
1.32,0.1
1.324,0.1
1.328,0.12
1.332,0.12
1.336,0.1
1.34,0.12
1.344,0.12
1.348,0.14
1.352,0.14
1.356,0.14
1.36,0.12
1.364,0.12
1.368,0.12
1.372,0.14
1.376,0.14
1.38,0.14
1.384,0.18
1.388,0.14
1.392,0.14
1.396,0.16
1.4,0.16
1.404,0.16
1.408,0.14
1.412,0.16
1.416,0.14
1.42,0.16
1.424,0.16
1.428,0.16
1.432,0.16
1.436,0.16
1.44,0.16
1.444,0.16
1.448,0.18
1.452,0.16
1.456,0.2
1.46,0.18
1.464,0.18
1.468,0.18
1.472,0.2
1.476,0.18
1.48,0.18
1.484,0.2
1.488,0.22
1.492,0.2
1.496,0.2
1.5,0.2
1.504,0.2
1.508,0.18
1.512,0.2
1.516,0.2
1.52,0.2
1.524,0.2
1.528,0.2
1.532,0.18
1.536,0.22
1.54,0.22
1.544,0.22
1.548,0.24
1.552,0.24
1.556,0.2
1.56,0.22
1.564,0.24
1.568,0.22
1.572,0.24
1.576,0.24
1.58,0.22
1.584,0.22
1.588,0.24
1.592,0.24
1.596,0.26
1.6,0.24
1.604,0.22
1.608,0.24
1.612,0.24
1.616,0.24
1.62,0.24
1.624,0.26
1.628,0.24
1.632,0.26
1.636,0.26
1.64,0.26
1.644,0.26
1.648,0.26
1.652,0.26
1.656,0.26
1.66,0.26
1.664,0.26
1.668,0.26
1.672,0.26
1.676,0.26
1.68,0.26
1.684,0.26
1.688,0.26
1.692,0.26
1.696,0.26
1.7,0.28
1.704,0.28
1.708,0.26
1.712,0.28
1.716,0.26
1.72,0.28
1.724,0.3
1.728,0.28
1.732,0.3
1.736,0.28
1.74,0.26
1.744,0.3
1.748,0.28
1.752,0.3
1.756,0.28
1.76,0.28
1.764,0.3
1.768,0.26
1.772,0.32
1.776,0.3
1.78,0.3
1.784,0.28
1.788,0.28
1.792,0.3
1.796,0.3
1.8,0.28
1.804,0.32
1.808,0.32
1.812,0.28
1.816,0.32
1.82,0.32
1.824,0.3
1.828,0.3
1.832,0.3
1.836,0.32
1.84,0.32
1.844,0.32
1.848,0.32
1.852,0.32
1.856,0.32
1.86,0.3
1.864,0.34
1.868,0.32
1.872,0.3
1.876,0.32
1.88,0.32
1.884,0.32
1.888,0.34
1.892,0.34
1.896,0.3
1.9,0.32
1.904,0.32
1.908,0.32
1.912,0.32
1.916,0.32
1.92,0.36
1.924,0.32
1.928,0.32
1.932,0.32
1.936,0.32
1.94,0.34
1.944,0.32
1.948,0.34
1.952,0.34
1.956,0.32
1.96,0.34
1.964,0.32
1.968,0.32
1.972,0.34
1.976,0.32
1.98,0.34
1.984,0.34
1.988,0.34
1.992,0.36
1.996,0.34
2,0.36
2.004,0.34
2.008,0.34
2.012,0.34
2.016,0.34
2.02,0.34
2.024,0.36
2.028,0.34
2.032,0.34
2.036,0.32
2.04,0.34
2.044,0.34
2.048,0.34
2.052,0.34
2.056,0.34
2.06,0.32
2.064,0.34
2.068,0.32
2.072,0.34
2.076,0.36
2.08,0.34
2.084,0.34
2.088,0.36
2.092,0.36
2.096,0.34
2.1,0.32
2.104,0.36
2.108,0.34
2.112,0.34
2.116,0.34
2.12,0.34
2.124,0.34
2.128,0.34
2.132,0.32
2.136,0.36
2.14,0.36
2.144,0.34
2.148,0.34
2.152,0.36
2.156,0.36
2.16,0.36
2.164,0.36
2.168,0.36
2.172,0.36
2.176,0.34
2.18,0.34
2.184,0.36
2.188,0.36
2.192,0.36
2.196,0.34
2.2,0.34
2.204,0.34
2.208,0.36
2.212,0.34
2.216,0.34
2.22,0.34
2.224,0.36
2.228,0.36
2.232,0.36
2.236,0.34
2.24,0.34
2.244,0.36
2.248,0.36
2.252,0.34
2.256,0.34
2.26,0.36
2.264,0.36
2.268,0.34
2.272,0.34
2.276,0.36
2.28,0.36
2.284,0.34
2.288,0.36
2.292,0.34
2.296,0.34
2.3,0.36
2.304,0.36
2.308,0.36
2.312,0.36
2.316,0.34
2.32,0.36
2.324,0.36
2.328,0.34
2.332,0.36
2.336,0.34
2.34,0.34
2.344,0.36
2.348,0.34
2.352,0.36
2.356,0.36
2.36,0.34
2.364,0.34
2.368,0.34
2.372,0.34
2.376,0.34
2.38,0.34
2.384,0.34
2.388,0.36
2.392,0.34
2.396,0.34
2.4,0.36
2.404,0.36
2.408,0.34
2.412,0.34
2.416,0.34
2.42,0.36
2.424,0.32
2.428,0.34
2.432,0.34
2.436,0.34
2.44,0.32
2.444,0.32
2.448,0.36
2.452,0.34
2.456,0.34
2.46,0.32
2.464,0.32
2.468,0.34
2.472,0.32
2.476,0.32
2.48,0.32
2.484,0.34
2.488,0.32
2.492,0.32
2.496,0.32
2.5,0.34
2.504,0.32
2.508,0.32
2.512,0.32
2.516,0.32
2.52,0.32
2.524,0.32
2.528,0.32
2.532,0.32
2.536,0.32
2.54,0.3
2.544,0.32
2.548,0.32
2.552,0.34
2.556,0.3
2.56,0.32
2.564,0.3
2.568,0.32
2.572,0.32
2.576,0.32
2.58,0.32
2.584,0.32
2.588,0.3
2.592,0.3
2.596,0.28
2.6,0.32
2.604,0.34
2.608,0.32
2.612,0.32
2.616,0.32
2.62,0.32
2.624,0.3
2.628,0.28
2.632,0.3
2.636,0.28
2.64,0.32
2.644,0.3
2.648,0.28
2.652,0.3
2.656,0.28
2.66,0.3
2.664,0.28
2.668,0.3
2.672,0.3
2.676,0.28
2.68,0.26
2.684,0.3
2.688,0.28
2.692,0.28
2.696,0.3
2.7,0.28
2.704,0.3
2.708,0.26
2.712,0.26
2.716,0.28
2.72,0.3
2.724,0.28
2.728,0.3
2.732,0.3
2.736,0.28
2.74,0.26
2.744,0.28
2.748,0.26
2.752,0.28
2.756,0.28
2.76,0.28
2.764,0.26
2.768,0.28
2.772,0.28
2.776,0.26
2.78,0.28
2.784,0.28
2.788,0.26
2.792,0.28
2.796,0.24
2.8,0.26
2.804,0.26
2.808,0.26
2.812,0.26
2.816,0.26
2.82,0.26
2.824,0.24
2.828,0.24
2.832,0.24
2.836,0.24
2.84,0.26
2.844,0.24
2.848,0.26
2.852,0.24
2.856,0.24
2.86,0.24
2.864,0.24
2.868,0.24
2.872,0.22
2.876,0.24
2.88,0.24
2.884,0.24
2.888,0.22
2.892,0.22
2.896,0.2
2.9,0.24
2.904,0.2
2.908,0.22
2.912,0.2
2.916,0.22
2.92,0.2
2.924,0.22
2.928,0.2
2.932,0.24
2.936,0.2
2.94,0.22
2.944,0.18
2.948,0.18
2.952,0.2
2.956,0.2
2.96,0.2
2.964,0.2
2.968,0.18
2.972,0.2
2.976,0.2
2.98,0.2
2.984,0.18
2.988,0.2
2.992,0.18
2.996,0.2
3,0.18
3.004,0.18
3.008,0.18
3.012,0.2
3.016,0.16
3.02,0.18
3.024,0.2
3.028,0.16
3.032,0.14
3.036,0.16
3.04,0.16
3.044,0.16
3.048,0.16
3.052,0.16
3.056,0.16
3.06,0.16
3.064,0.16
3.068,0.14
3.072,0.16
3.076,0.16
3.08,0.14
3.084,0.16
3.088,0.14
3.092,0.14
3.096,0.14
3.1,0.16
3.104,0.16
3.108,0.16
3.112,0.16
3.116,0.12
3.12,0.12
3.124,0.12
3.128,0.12
3.132,0.14
3.136,0.12
3.14,0.1
3.144,0.12
3.148,0.1
3.152,0.14
3.156,0.12
3.16,0.12
3.164,0.1
3.168,0.12
3.172,0.1
3.176,0.12
3.18,0.1
3.184,0.08
3.188,0.08
3.192,0.12
3.196,0.1
3.2,0.1
3.204,0.08
3.208,0.08
3.212,0.1
3.216,0.08
3.22,0.08
3.224,0.06
3.228,0.08
3.232,0.08
3.236,0.08
3.24,0.06
3.244,0.06
3.248,0.04
3.252,0.04
3.256,0.06
3.26,0.06
3.264,0.06
3.268,0.06
3.272,0.06
3.276,0.06
3.28,0.06
3.284,0.06
3.288,0.04
3.292,0.02
3.296,0.04
3.3,0.04
3.304,0.02
3.308,0.04
3.312,0.04
3.316,0.04
3.32,0
3.324,0.04
3.328,0.04
3.332,0.04
3.336,0.02
3.34,0.02
3.344,0
3.348,0
3.352,0
3.356,0.02
3.36,0
3.364,0
3.368,0.02
3.372,0
3.376,0
3.38,0
3.384,0.02
3.388,0
3.392,-0.02
3.396,0
3.4,0
3.404,0
3.408,-0.02
3.412,-0.04
3.416,-0.02
3.42,-0.02
3.424,-0.02
3.428,-0.02
3.432,-0.04
3.436,-0.02
3.44,-0.06
3.444,-0.02
3.448,-0.06
3.452,-0.04
3.456,-0.04
3.46,-0.06
3.464,-0.08
3.468,-0.04
3.472,-0.04
3.476,-0.02
3.48,-0.06
3.484,-0.08
3.488,-0.04
3.492,-0.06
3.496,-0.06
3.5,-0.08
3.504,-0.06
3.508,-0.08
3.512,-0.08
3.516,-0.08
3.52,-0.08
3.524,-0.08
3.528,-0.08
3.532,-0.1
3.536,-0.08
3.54,-0.12
3.544,-0.1
3.548,-0.08
3.552,-0.08
3.556,-0.1
3.56,-0.08
3.564,-0.1
3.568,-0.1
3.572,-0.1
3.576,-0.12
3.58,-0.12
3.584,-0.1
3.588,-0.1
3.592,-0.12
3.596,-0.12
3.6,-0.12
3.604,-0.1
3.608,-0.12
3.612,-0.14
3.616,-0.12
3.62,-0.12
3.624,-0.12
3.628,-0.14
3.632,-0.16
3.636,-0.12
3.64,-0.16
3.644,-0.12
3.648,-0.12
3.652,-0.12
3.656,-0.14
3.66,-0.14
3.664,-0.16
3.668,-0.18
3.672,-0.14
3.676,-0.16
3.68,-0.12
3.684,-0.16
3.688,-0.16
3.692,-0.16
3.696,-0.18
3.7,-0.16
3.704,-0.16
3.708,-0.18
3.712,-0.18
3.716,-0.18
3.72,-0.16
3.724,-0.18
3.728,-0.18
3.732,-0.16
3.736,-0.18
3.74,-0.16
3.744,-0.18
3.748,-0.2
3.752,-0.16
3.756,-0.18
3.76,-0.2
3.764,-0.2
3.768,-0.2
3.772,-0.2
3.776,-0.18
3.78,-0.18
3.784,-0.2
3.788,-0.2
3.792,-0.2
3.796,-0.2
3.8,-0.2
3.804,-0.2
3.808,-0.2
3.812,-0.22
3.816,-0.22
3.82,-0.22
3.824,-0.22
3.828,-0.22
3.832,-0.22
3.836,-0.22
3.84,-0.22
3.844,-0.24
3.848,-0.22
3.852,-0.26
3.856,-0.24
3.86,-0.22
3.864,-0.24
3.868,-0.22
3.872,-0.22
3.876,-0.22
3.88,-0.22
3.884,-0.22
3.888,-0.26
3.892,-0.22
3.896,-0.24
3.9,-0.24
3.904,-0.24
3.908,-0.24
3.912,-0.24
3.916,-0.24
3.92,-0.28
3.924,-0.26
3.928,-0.24
3.932,-0.26
3.936,-0.26
3.94,-0.24
3.944,-0.28
3.948,-0.24
3.952,-0.26
3.956,-0.26
3.96,-0.26
3.964,-0.26
3.968,-0.26
3.972,-0.26
3.976,-0.28
3.98,-0.28
3.984,-0.26
3.988,-0.28
3.992,-0.28
3.996,-0.28
4,-0.26
4.004,-0.28
4.008,-0.26
4.012,-0.28
4.016,-0.28
4.02,-0.28
4.024,-0.28
4.028,-0.28
4.032,-0.28
4.036,-0.28
4.04,-0.3
4.044,-0.3
4.048,-0.28
4.052,-0.28
4.056,-0.28
4.06,-0.28
4.064,-0.28
4.068,-0.28
4.072,-0.26
4.076,-0.28
4.08,-0.32
4.084,-0.28
4.088,-0.28
4.092,-0.3
4.096,-0.28
4.1,-0.3
4.104,-0.3
4.108,-0.32
4.112,-0.3
4.116,-0.3
4.12,-0.32
4.124,-0.28
4.128,-0.3
4.132,-0.32
4.136,-0.32
4.14,-0.28
4.144,-0.3
4.148,-0.3
4.152,-0.3
4.156,-0.3
4.16,-0.3
4.164,-0.3
4.168,-0.28
4.172,-0.28
4.176,-0.32
4.18,-0.32
4.184,-0.28
4.188,-0.3
4.192,-0.32
4.196,-0.32
4.2,-0.3
4.204,-0.32
4.208,-0.32
4.212,-0.32
4.216,-0.3
4.22,-0.32
4.224,-0.3
4.228,-0.3
4.232,-0.32
4.236,-0.3
4.24,-0.32
4.244,-0.32
4.248,-0.3
4.252,-0.3
4.256,-0.32
4.26,-0.32
4.264,-0.32
4.268,-0.34
4.272,-0.34
4.276,-0.32
4.28,-0.32
4.284,-0.32
4.288,-0.32
4.292,-0.32
4.296,-0.34
4.3,-0.32
4.304,-0.32
4.308,-0.34
4.312,-0.32
4.316,-0.3
4.32,-0.3
4.324,-0.34
4.328,-0.32
4.332,-0.34
4.336,-0.32
4.34,-0.32
4.344,-0.34
4.348,-0.34
4.352,-0.34
4.356,-0.36
4.36,-0.32
4.364,-0.32
4.368,-0.32
4.372,-0.32
4.376,-0.34
4.38,-0.32
4.384,-0.32
4.388,-0.34
4.392,-0.32
4.396,-0.34
4.4,-0.32
4.404,-0.32
4.408,-0.34
4.412,-0.34
4.416,-0.32
4.42,-0.32
4.424,-0.32
4.428,-0.34
4.432,-0.34
4.436,-0.34
4.44,-0.34
4.444,-0.32
4.448,-0.32
4.452,-0.34
4.456,-0.32
4.46,-0.32
4.464,-0.34
4.468,-0.36
4.472,-0.34
4.476,-0.32
4.48,-0.32
4.484,-0.32
4.488,-0.32
4.492,-0.32
4.496,-0.32
4.5,-0.32
4.504,-0.32
4.508,-0.34
4.512,-0.32
4.516,-0.34
4.52,-0.32
4.524,-0.3
4.528,-0.32
4.532,-0.32
4.536,-0.34
4.54,-0.34
4.544,-0.34
4.548,-0.32
4.552,-0.32
4.556,-0.32
4.56,-0.32
4.564,-0.34
4.568,-0.32
4.572,-0.32
4.576,-0.32
4.58,-0.32
4.584,-0.32
4.588,-0.32
4.592,-0.34
4.596,-0.34
4.6,-0.32
4.604,-0.32
4.608,-0.32
4.612,-0.34
4.616,-0.34
4.62,-0.32
4.624,-0.32
4.628,-0.3
4.632,-0.32
4.636,-0.32
4.64,-0.32
4.644,-0.32
4.648,-0.32
4.652,-0.32
4.656,-0.32
4.66,-0.32
4.664,-0.3
4.668,-0.32
4.672,-0.3
4.676,-0.3
4.68,-0.3
4.684,-0.3
4.688,-0.28
4.692,-0.32
4.696,-0.3
4.7,-0.3
4.704,-0.3
4.708,-0.3
4.712,-0.3
4.716,-0.3
4.72,-0.32
4.724,-0.32
4.728,-0.3
4.732,-0.3
4.736,-0.3
4.74,-0.3
4.744,-0.3
4.748,-0.3
4.752,-0.3
4.756,-0.28
4.76,-0.3
4.764,-0.3
4.768,-0.3
4.772,-0.28
4.776,-0.28
4.78,-0.28
4.784,-0.28
4.788,-0.3
4.792,-0.28
4.796,-0.28
4.8,-0.28
4.804,-0.28
4.808,-0.32
4.812,-0.28
4.816,-0.3
4.82,-0.28
4.824,-0.28
4.828,-0.28
4.832,-0.28
4.836,-0.26
4.84,-0.28
4.844,-0.28
4.848,-0.28
4.852,-0.28
4.856,-0.28
4.86,-0.28
4.864,-0.28
4.868,-0.3
4.872,-0.26
4.876,-0.28
4.88,-0.26
4.884,-0.28
4.888,-0.28
4.892,-0.26
4.896,-0.28
4.9,-0.28
4.904,-0.26
4.908,-0.24
4.912,-0.26
4.916,-0.26
4.92,-0.26
4.924,-0.26
4.928,-0.24
4.932,-0.24
4.936,-0.26
4.94,-0.26
4.944,-0.26
4.948,-0.26
4.952,-0.24
4.956,-0.24
4.96,-0.24
4.964,-0.24
4.968,-0.24
4.972,-0.26
4.976,-0.24
4.98,-0.24
4.984,-0.24
4.988,-0.24
4.992,-0.22
4.996,-0.24
5,-0.26
5.004,-0.24
5.008,-0.2
5.012,-0.22
5.016,-0.22
5.02,-0.22
5.024,-0.22
5.028,-0.2
5.032,-0.22
5.036,-0.22
5.04,-0.2
5.044,-0.2
5.048,-0.18
5.052,-0.2
5.056,-0.2
5.06,-0.2
5.064,-0.2
5.068,-0.2
5.072,-0.2
5.076,-0.2
5.08,-0.2
5.084,-0.2
5.088,-0.16
5.092,-0.2
5.096,-0.18
5.1,-0.16
5.104,-0.16
5.108,-0.18
5.112,-0.18
5.116,-0.16
5.12,-0.16
5.124,-0.16
5.128,-0.18
5.132,-0.16
5.136,-0.16
5.14,-0.16
5.144,-0.16
5.148,-0.18
5.152,-0.16
5.156,-0.16
5.16,-0.16
5.164,-0.16
5.168,-0.14
5.172,-0.14
5.176,-0.14
5.18,-0.16
5.184,-0.12
5.188,-0.14
5.192,-0.14
5.196,-0.14
5.2,-0.12
5.204,-0.12
5.208,-0.12
5.212,-0.12
5.216,-0.14
5.22,-0.12
5.224,-0.12
5.228,-0.12
5.232,-0.12
5.236,-0.1
5.24,-0.1
5.244,-0.12
5.248,-0.12
5.252,-0.1
5.256,-0.08
5.26,-0.1
5.264,-0.12
5.268,-0.08
5.272,-0.08
5.276,-0.08
5.28,-0.08
5.284,-0.1
5.288,-0.08
5.292,-0.08
5.296,-0.08
5.3,-0.08
5.304,-0.06
5.308,-0.08
5.312,-0.08
5.316,-0.08
5.32,-0.08
5.324,-0.06
5.328,-0.06
5.332,-0.06
5.336,-0.06
5.34,-0.06
5.344,-0.06
5.348,-0.04
5.352,-0.04
5.356,-0.04
5.36,-0.04
5.364,-0.04
5.368,-0.04
5.372,-0.06
5.376,-0.02
5.38,-0.02
5.384,-0.04
5.388,-0.02
5.392,-0.02
5.396,-0.04
5.4,-0.04
5.404,-0.02
5.408,0
5.412,-0.04
5.416,0
5.42,0
5.424,0
5.428,0
5.432,0
5.436,0
5.44,0
5.444,0
5.448,0.02
5.452,0.02
5.456,0.02
5.46,0.02
5.464,0.02
5.468,0.02
5.472,0
5.476,0.04
5.48,0.02
5.484,0.04
5.488,0.04
5.492,0.02
5.496,0.02
5.5,0.04
5.504,0.04
5.508,0.06
5.512,0.04
5.516,0.06
5.52,0.04
5.524,0.06
5.528,0.06
5.532,0.04
5.536,0.06
5.54,0.06
5.544,0.04
5.548,0.04
5.552,0.08
5.556,0.08
5.56,0.08
5.564,0.08
5.568,0.08
5.572,0.08
5.576,0.08
5.58,0.08
5.584,0.08
5.588,0.08
5.592,0.08
5.596,0.08
5.6,0.08
5.604,0.1
5.608,0.12
5.612,0.12
5.616,0.1
5.62,0.1
5.624,0.08
5.628,0.1
5.632,0.12
5.636,0.1
5.64,0.1
5.644,0.12
5.648,0.1
5.652,0.12
5.656,0.12
5.66,0.12
5.664,0.1
5.668,0.12
5.672,0.12
5.676,0.12
5.68,0.12
5.684,0.12
5.688,0.14
5.692,0.14
5.696,0.12
5.7,0.16
5.704,0.16
5.708,0.16
5.712,0.16
5.716,0.14
5.72,0.16
5.724,0.14
5.728,0.14
5.732,0.16
5.736,0.16
5.74,0.14
5.744,0.16
5.748,0.16
5.752,0.18
5.756,0.16
5.76,0.18
5.764,0.18
5.768,0.2
5.772,0.18
5.776,0.18
5.78,0.18
5.784,0.18
5.788,0.2
5.792,0.2
5.796,0.2
5.8,0.2
5.804,0.2
5.808,0.2
5.812,0.2
5.816,0.2
5.82,0.2
5.824,0.2
5.828,0.2
5.832,0.2
5.836,0.2
5.84,0.2
5.844,0.22
5.848,0.24
5.852,0.22
5.856,0.22
5.86,0.22
5.864,0.22
5.868,0.22
5.872,0.24
5.876,0.24
5.88,0.22
5.884,0.22
5.888,0.24
5.892,0.22
5.896,0.22
5.9,0.26
5.904,0.24
5.908,0.24
5.912,0.24
5.916,0.24
5.92,0.24
5.924,0.24
5.928,0.26
5.932,0.24
5.936,0.24
5.94,0.26
5.944,0.26
5.948,0.26
5.952,0.26
5.956,0.26
5.96,0.24
5.964,0.26
5.968,0.26
5.972,0.26
5.976,0.26
5.98,0.26
5.984,0.26
5.988,0.26
5.992,0.24
5.996,0.26
6,0.26
6.004,0.26
6.008,0.26
6.012,0.3
6.016,0.28
6.02,0.28
6.024,0.28
6.028,0.3
6.032,0.26
6.036,0.28
6.04,0.26
6.044,0.28
6.048,0.3
6.052,0.3
6.056,0.28
6.06,0.28
6.064,0.26
6.068,0.3
6.072,0.3
6.076,0.3
6.08,0.28
6.084,0.3
6.088,0.3
6.092,0.3
6.096,0.3
6.1,0.3
6.104,0.28
6.108,0.3
6.112,0.3
6.116,0.3
6.12,0.32
6.124,0.3
6.128,0.28
6.132,0.3
6.136,0.28
6.14,0.32
6.144,0.32
6.148,0.32
6.152,0.3
6.156,0.32
6.16,0.3
6.164,0.3
6.168,0.3
6.172,0.32
6.176,0.34
6.18,0.32
6.184,0.3
6.188,0.3
6.192,0.32
6.196,0.32
6.2,0.3
6.204,0.32
6.208,0.34
6.212,0.32
6.216,0.34
6.22,0.32
6.224,0.32
6.228,0.32
6.232,0.34
6.236,0.32
6.24,0.34
6.244,0.34
6.248,0.32
6.252,0.32
6.256,0.34
6.26,0.34
6.264,0.32
6.268,0.34
6.272,0.34
6.276,0.34
6.28,0.34
6.284,0.32
6.288,0.32
6.292,0.32
6.296,0.32
6.3,0.36
6.304,0.34
6.308,0.32
6.312,0.34
6.316,0.34
6.32,0.32
6.324,0.36
6.328,0.36
6.332,0.36
6.336,0.34
6.34,0.34
6.344,0.34
6.348,0.34
6.352,0.34
6.356,0.34
6.36,0.34
6.364,0.34
6.368,0.34
6.372,0.36
6.376,0.34
6.38,0.36
6.384,0.34
6.388,0.32
6.392,0.34
6.396,0.36
6.4,0.34
6.404,0.36
6.408,0.34
6.412,0.36
6.416,0.36
6.42,0.36
6.424,0.34
6.428,0.36
6.432,0.36
6.436,0.36
6.44,0.36
6.444,0.32
6.448,0.34
6.452,0.34
6.456,0.36
6.46,0.34
6.464,0.36
6.468,0.36
6.472,0.36
6.476,0.34
6.48,0.36
6.484,0.36
6.488,0.34
6.492,0.34
6.496,0.36
6.5,0.34
6.504,0.32
6.508,0.36
6.512,0.32
6.516,0.34
6.52,0.34
6.524,0.36
6.528,0.34
6.532,0.34
6.536,0.32
6.54,0.34
6.544,0.36
6.548,0.36
6.552,0.36
6.556,0.36
6.56,0.34
6.564,0.34
6.568,0.34
6.572,0.36
6.576,0.36
6.58,0.36
6.584,0.36
6.588,0.36
6.592,0.36
6.596,0.36
6.6,0.36
6.604,0.36
6.608,0.34
6.612,0.34
6.616,0.34
6.62,0.36
6.624,0.34
6.628,0.34
6.632,0.36
6.636,0.34
6.64,0.36
6.644,0.36
6.648,0.36
6.652,0.34
6.656,0.36
6.66,0.34
6.664,0.36
6.668,0.34
6.672,0.36
6.676,0.36
6.68,0.34
6.684,0.32
6.688,0.34
6.692,0.36
6.696,0.34
6.7,0.36
6.704,0.34
6.708,0.34
6.712,0.34
6.716,0.34
6.72,0.34
6.724,0.32
6.728,0.34
6.732,0.34
6.736,0.32
6.74,0.34
6.744,0.34
6.748,0.32
6.752,0.34
6.756,0.34
6.76,0.34
6.764,0.34
6.768,0.32
6.772,0.34
6.776,0.32
6.78,0.32
6.784,0.34
6.788,0.34
6.792,0.34
6.796,0.32
6.8,0.32
6.804,0.34
6.808,0.32
6.812,0.32
6.816,0.34
6.82,0.3
6.824,0.34
6.828,0.32
6.832,0.32
6.836,0.34
6.84,0.34
6.844,0.32
6.848,0.32
6.852,0.32
6.856,0.34
6.86,0.32
6.864,0.32
6.868,0.32
6.872,0.32
6.876,0.3
6.88,0.32
6.884,0.32
6.888,0.32
6.892,0.32
6.896,0.32
6.9,0.32
6.904,0.34
6.908,0.32
6.912,0.3
6.916,0.32
6.92,0.3
6.924,0.32
6.928,0.3
6.932,0.32
6.936,0.3
6.94,0.28
6.944,0.3
6.948,0.32
6.952,0.3
6.956,0.28
6.96,0.3
6.964,0.3
6.968,0.32
6.972,0.3
6.976,0.3
6.98,0.3
6.984,0.3
6.988,0.28
6.992,0.3
6.996,0.32
7,0.3
7.004,0.28
7.008,0.28
7.012,0.3
7.016,0.3
7.02,0.3
7.024,0.3
7.028,0.26
7.032,0.28
7.036,0.28
7.04,0.28
7.044,0.3
7.048,0.28
7.052,0.28
7.056,0.28
7.06,0.26
7.064,0.28
7.068,0.28
7.072,0.26
7.076,0.26
7.08,0.28
7.084,0.26
7.088,0.26
7.092,0.28
7.096,0.26
7.1,0.26
7.104,0.26
7.108,0.26
7.112,0.28
7.116,0.26
7.12,0.26
7.124,0.26
7.128,0.26
7.132,0.26
7.136,0.24
7.14,0.26
7.144,0.26
7.148,0.26
7.152,0.22
7.156,0.26
7.16,0.26
7.164,0.24
7.168,0.24
7.172,0.22
7.176,0.22
7.18,0.24
7.184,0.24
7.188,0.22
7.192,0.24
7.196,0.22
7.2,0.22
7.204,0.22
7.208,0.22
7.212,0.22
7.216,0.24
7.22,0.22
7.224,0.22
7.228,0.24
7.232,0.22
7.236,0.22
7.24,0.22
7.244,0.22
7.248,0.24
7.252,0.2
7.256,0.22
7.26,0.22
7.264,0.22
7.268,0.2
7.272,0.2
7.276,0.2
7.28,0.2
7.284,0.2
7.288,0.2
7.292,0.2
7.296,0.18
7.3,0.18
7.304,0.18
7.308,0.18
7.312,0.16
7.316,0.16
7.32,0.18
7.324,0.18
7.328,0.18
7.332,0.16
7.336,0.16
7.34,0.18
7.344,0.18
7.348,0.16
7.352,0.16
7.356,0.16
7.36,0.16
7.364,0.18
7.368,0.18
7.372,0.18
7.376,0.16
7.38,0.16
7.384,0.18
7.388,0.16
7.392,0.14
7.396,0.16
7.4,0.16
7.404,0.14
7.408,0.16
7.412,0.14
7.416,0.16
7.42,0.16
7.424,0.12
7.428,0.16
7.432,0.16
7.436,0.14
7.44,0.12
7.444,0.14
7.448,0.12
7.452,0.14
7.456,0.12
7.46,0.1
7.464,0.12
7.468,0.12
7.472,0.12
7.476,0.12
7.48,0.1
7.484,0.1
7.488,0.16
7.492,0.1
7.496,0.12
7.5,0.1
7.504,0.1
7.508,0.1
7.512,0.08
7.516,0.1
7.52,0.1
7.524,0.08
7.528,0.08
7.532,0.08
7.536,0.1
7.54,0.08
7.544,0.1
7.548,0.08
7.552,0.08
7.556,0.08
7.56,0.08
7.564,0.08
7.568,0.06
7.572,0.06
7.576,0.08
7.58,0.08
7.584,0.06
7.588,0.06
7.592,0.04
7.596,0.08
7.6,0.08
7.604,0.04
7.608,0.04
7.612,0.06
7.616,0.04
7.62,0.04
7.624,0.02
7.628,0.04
7.632,0.04
7.636,0.02
7.64,0.02
7.644,0.04
7.648,0.04
7.652,0.02
7.656,0.02
7.66,0.02
7.664,0.02
7.668,0.02
7.672,0.04
7.676,0.02
7.68,0
7.684,0.02
7.688,0
7.692,0
7.696,0
7.7,-0.02
7.704,0
7.708,0.02
7.712,0
7.716,0
7.72,0
7.724,-0.02
7.728,-0.04
7.732,-0.02
7.736,-0.04
7.74,-0.02
7.744,-0.04
7.748,-0.02
7.752,0
7.756,-0.02
7.76,-0.02
7.764,-0.06
7.768,-0.06
7.772,-0.02
7.776,-0.06
7.78,-0.02
7.784,-0.04
7.788,-0.04
7.792,-0.06
7.796,-0.06
7.8,-0.06
7.804,-0.06
7.808,-0.06
7.812,-0.06
7.816,-0.06
7.82,-0.06
7.824,-0.06
7.828,-0.06
7.832,-0.08
7.836,-0.08
7.84,-0.06
7.844,-0.08
7.848,-0.1
7.852,-0.1
7.856,-0.08
7.86,-0.08
7.864,-0.1
7.868,-0.1
7.872,-0.1
7.876,-0.12
7.88,-0.1
7.884,-0.08
7.888,-0.1
7.892,-0.12
7.896,-0.1
7.9,-0.1
7.904,-0.12
7.908,-0.1
7.912,-0.12
7.916,-0.12
7.92,-0.1
7.924,-0.12
7.928,-0.12
7.932,-0.12
7.936,-0.12
7.94,-0.14
7.944,-0.12
7.948,-0.12
7.952,-0.12
7.956,-0.14
7.96,-0.14
7.964,-0.14
7.968,-0.14
7.972,-0.12
7.976,-0.14
7.98,-0.14
7.984,-0.16
7.988,-0.12
7.992,-0.14
7.996,-0.16
8,-0.16
8.004,-0.16
8.008,-0.14
8.012,-0.16
8.016,-0.16
8.02,-0.16
8.024,-0.18
8.028,-0.14
8.032,-0.18
8.036,-0.16
8.04,-0.18
8.044,-0.16
8.048,-0.16
8.052,-0.18
8.056,-0.16
8.06,-0.16
8.064,-0.18
8.068,-0.2
8.072,-0.18
8.076,-0.18
8.08,-0.18
8.084,-0.18
8.088,-0.2
8.092,-0.2
8.096,-0.22
8.1,-0.2
8.104,-0.2
8.108,-0.2
8.112,-0.2
8.116,-0.22
8.12,-0.2
8.124,-0.2
8.128,-0.18
8.132,-0.2
8.136,-0.2
8.14,-0.22
8.144,-0.22
8.148,-0.22
8.152,-0.22
8.156,-0.22
8.16,-0.22
8.164,-0.24
8.168,-0.22
8.172,-0.22
8.176,-0.22
8.18,-0.22
8.184,-0.24
8.188,-0.22
8.192,-0.22
8.196,-0.24
8.2,-0.24
8.204,-0.24
8.208,-0.22
8.212,-0.24
8.216,-0.24
8.22,-0.26
8.224,-0.24
8.228,-0.24
8.232,-0.24
8.236,-0.26
8.24,-0.26
8.244,-0.26
8.248,-0.24
8.252,-0.26
8.256,-0.28
8.26,-0.26
8.264,-0.26
8.268,-0.26
8.272,-0.26
8.276,-0.26
8.28,-0.28
8.284,-0.26
8.288,-0.26
8.292,-0.26
8.296,-0.24
8.3,-0.26
8.304,-0.26
8.308,-0.28
8.312,-0.28
8.316,-0.28
8.32,-0.28
8.324,-0.26
8.328,-0.28
8.332,-0.28
8.336,-0.28
8.34,-0.28
8.344,-0.28
8.348,-0.28
8.352,-0.28
8.356,-0.28
8.36,-0.28
8.364,-0.28
8.368,-0.28
8.372,-0.28
8.376,-0.28
8.38,-0.28
8.384,-0.26
8.388,-0.28
8.392,-0.28
8.396,-0.28
8.4,-0.3
8.404,-0.32
8.408,-0.28
8.412,-0.28
8.416,-0.3
8.42,-0.3
8.424,-0.3
8.428,-0.28
8.432,-0.3
8.436,-0.28
8.44,-0.3
8.444,-0.28
8.448,-0.3
8.452,-0.3
8.456,-0.3
8.46,-0.28
8.464,-0.3
8.468,-0.28
8.472,-0.28
8.476,-0.28
8.48,-0.32
8.484,-0.3
8.488,-0.3
8.492,-0.3
8.496,-0.32
8.5,-0.32
8.504,-0.32
8.508,-0.32
8.512,-0.3
8.516,-0.3
8.52,-0.32
8.524,-0.32
8.528,-0.32
8.532,-0.32
8.536,-0.32
8.54,-0.32
8.544,-0.32
8.548,-0.32
8.552,-0.3
8.556,-0.3
8.56,-0.32
8.564,-0.32
8.568,-0.32
8.572,-0.32
8.576,-0.32
8.58,-0.34
8.584,-0.32
8.588,-0.32
8.592,-0.32
8.596,-0.3
8.6,-0.32
8.604,-0.32
8.608,-0.32
8.612,-0.32
8.616,-0.3
8.62,-0.32
8.624,-0.32
8.628,-0.34
8.632,-0.32
8.636,-0.32
8.64,-0.32
8.644,-0.3
8.648,-0.32
8.652,-0.34
8.656,-0.34
8.66,-0.3
8.664,-0.34
8.668,-0.32
8.672,-0.34
8.676,-0.32
8.68,-0.32
8.684,-0.34
8.688,-0.34
8.692,-0.34
8.696,-0.34
8.7,-0.32
8.704,-0.36
8.708,-0.32
8.712,-0.32
8.716,-0.32
8.72,-0.32
8.724,-0.32
8.728,-0.32
8.732,-0.32
8.736,-0.32
8.74,-0.32
8.744,-0.32
8.748,-0.32
8.752,-0.34
8.756,-0.34
8.76,-0.32
8.764,-0.36
8.768,-0.32
8.772,-0.32
8.776,-0.34
8.78,-0.34
8.784,-0.32
8.788,-0.34
8.792,-0.32
8.796,-0.32
8.8,-0.32
8.804,-0.32
8.808,-0.34
8.812,-0.32
8.816,-0.32
8.82,-0.32
8.824,-0.34
8.828,-0.32
8.832,-0.36
8.836,-0.32
8.84,-0.32
8.844,-0.32
8.848,-0.32
8.852,-0.32
8.856,-0.32
8.86,-0.32
8.864,-0.34
8.868,-0.32
8.872,-0.34
8.876,-0.32
8.88,-0.3
8.884,-0.32
8.888,-0.32
8.892,-0.34
8.896,-0.32
8.9,-0.34
8.904,-0.32
8.908,-0.32
8.912,-0.32
8.916,-0.32
8.92,-0.32
8.924,-0.3
8.928,-0.32
8.932,-0.32
8.936,-0.32
8.94,-0.32
8.944,-0.32
8.948,-0.32
8.952,-0.32
8.956,-0.32
8.96,-0.32
8.964,-0.32
8.968,-0.3
8.972,-0.32
8.976,-0.32
8.98,-0.32
8.984,-0.32
8.988,-0.3
8.992,-0.32
8.996,-0.32
9,-0.3
9.004,-0.32
9.008,-0.3
9.012,-0.3
9.016,-0.32
9.02,-0.3
9.024,-0.3
9.028,-0.32
9.032,-0.3
9.036,-0.28
9.04,-0.32
9.044,-0.3
9.048,-0.3
9.052,-0.28
9.056,-0.28
9.06,-0.3
9.064,-0.3
9.068,-0.28
9.072,-0.3
9.076,-0.3
9.08,-0.28
9.084,-0.3
9.088,-0.28
9.092,-0.28
9.096,-0.3
9.1,-0.3
9.104,-0.3
9.108,-0.3
9.112,-0.28
9.116,-0.28
9.12,-0.28
9.124,-0.28
9.128,-0.28
9.132,-0.28
9.136,-0.28
9.14,-0.3
9.144,-0.28
9.148,-0.28
9.152,-0.26
9.156,-0.28
9.16,-0.28
9.164,-0.28
9.168,-0.26
9.172,-0.28
9.176,-0.28
9.18,-0.28
9.184,-0.28
9.188,-0.28
9.192,-0.26
9.196,-0.26
9.2,-0.28
9.204,-0.26
9.208,-0.26
9.212,-0.26
9.216,-0.26
9.22,-0.26
9.224,-0.26
9.228,-0.26
9.232,-0.26
9.236,-0.24
9.24,-0.24
9.244,-0.26
9.248,-0.26
9.252,-0.26
9.256,-0.24
9.26,-0.24
9.264,-0.24
9.268,-0.24
9.272,-0.26
9.276,-0.24
9.28,-0.24
9.284,-0.24
9.288,-0.24
9.292,-0.24
9.296,-0.22
9.3,-0.24
9.304,-0.22
9.308,-0.26
9.312,-0.22
9.316,-0.22
9.32,-0.2
9.324,-0.22
9.328,-0.22
9.332,-0.2
9.336,-0.22
9.34,-0.22
9.344,-0.22
9.348,-0.2
9.352,-0.2
9.356,-0.22
9.36,-0.22
9.364,-0.2
9.368,-0.24
9.372,-0.2
9.376,-0.2
9.38,-0.18
9.384,-0.2
9.388,-0.2
9.392,-0.18
9.396,-0.18
9.4,-0.2
9.404,-0.22
9.408,-0.18
9.412,-0.2
9.416,-0.18
9.42,-0.16
9.424,-0.16
9.428,-0.16
9.432,-0.18
9.436,-0.18
9.44,-0.18
9.444,-0.18
9.448,-0.16
9.452,-0.16
9.456,-0.18
9.46,-0.18
9.464,-0.16
9.468,-0.18
9.472,-0.16
9.476,-0.16
9.48,-0.16
9.484,-0.16
9.488,-0.12
9.492,-0.16
9.496,-0.12
9.5,-0.12
9.504,-0.14
9.508,-0.16
9.512,-0.14
9.516,-0.14
9.52,-0.12
9.524,-0.14
9.528,-0.14
9.532,-0.12
9.536,-0.16
9.54,-0.12
9.544,-0.12
9.548,-0.12
9.552,-0.12
9.556,-0.12
9.56,-0.12
9.564,-0.12
9.568,-0.1
9.572,-0.1
9.576,-0.1
9.58,-0.08
9.584,-0.08
9.588,-0.08
9.592,-0.1
9.596,-0.08
9.6,-0.08
9.604,-0.08
9.608,-0.1
9.612,-0.08
9.616,-0.08
9.62,-0.06
9.624,-0.06
9.628,-0.08
9.632,-0.06
9.636,-0.06
9.64,-0.06
9.644,-0.08
9.648,-0.06
9.652,-0.06
9.656,-0.04
9.66,-0.06
9.664,-0.06
9.668,-0.06
9.672,-0.06
9.676,-0.06
9.68,-0.04
9.684,-0.06
9.688,-0.06
9.692,-0.04
9.696,-0.02
9.7,-0.04
9.704,-0.06
9.708,-0.02
9.712,-0.02
9.716,-0.02
9.72,-0.04
9.724,-0.04
9.728,-0.02
9.732,0
9.736,0
9.74,-0.02
9.744,0
9.748,0
9.752,0
9.756,0
9.76,0
9.764,0
9.768,0
9.772,0.02
9.776,0
9.78,0.02
9.784,0.02
9.788,0
9.792,0.02
9.796,0.02
9.8,0.04
9.804,-1.84
9.808,-1.84
9.812,-1.84
9.816,-1.84
9.82,-1.84
9.824,-1.84
9.828,-1.84
9.832,-1.84
9.836,-1.84
9.84,-1.84
9.844,-1.84
9.848,-1.84
9.852,-1.84
9.856,-1.84
9.86,-1.84
9.864,-1.84
9.868,-1.84
9.872,-1.84
9.876,-1.84
9.88,-1.84
9.884,-1.84
9.888,-1.84
9.892,-1.84
9.896,-1.84
9.9,-1.84
9.904,-1.84
9.908,-1.84
9.912,-1.84
9.916,-1.84
9.92,-1.84
9.924,-1.84
9.928,-1.84
9.932,-1.84
9.936,-1.84
9.94,-1.84
9.944,-1.84
9.948,-1.84
9.952,-1.84
9.956,-1.84
9.96,-1.84
9.964,-1.84
9.968,-1.84
9.972,-1.84
9.976,-1.84
9.98,-1.84
9.984,-1.84
9.988,-1.84
9.992,-1.84
9.996,-1.84
