,,,3.600000000000,   1.16000,
,,,3.800000000000,   1.12000,
,,,4.000000000000,   1.16000,
,,,4.200000000000,   1.16000,
,,,4.400000000000,   1.16000,
,,,4.600000000000,   1.16000,
,,,4.800000000000,   1.16000,
,,,5.000000000000,   1.16000,
,,,5.200000000000,   1.20000,
,,,5.400000000000,   1.24000,
,,,5.600000000000,   1.20000,
,,,5.800000000000,   1.20000,
,,,6.000000000000,   1.20000,
,,,6.200000000000,   1.16000,
,,,6.400000000000,   1.20000,
,,,6.600000000000,   1.20000,
,,,6.800000000000,   1.16000,
,,,7.000000000000,   1.24000,
,,,7.200000000000,   1.20000,
,,,7.400000000000,   1.24000,
,,,7.600000000000,   1.24000,
,,,7.800000000000,   1.24000,
,,,8.000000000000,   1.24000,
,,,8.200000000000,   1.24000,
,,,8.400000000000,   1.20000,
,,,8.600000000000,   1.24000,
,,,8.800000000000,   1.24000,
,,,9.000000000000,   1.24000,
,,,9.200000000000,   1.24000,
,,,9.400000000000,   1.28000,
,,,9.600000000000,   1.24000,
,,,9.800000000000,   1.28000,
,,,10.000000000000,   1.28000,
,,,10.200000000000,   1.28000,
,,,10.400000000000,   1.28000,
,,,10.600000000000,   1.28000,
,,,10.800000000000,   1.28000,
,,,11.000000000000,   1.32000,
,,,11.200000000000,   1.24000,
,,,11.400000000000,   1.28000,
,,,11.600000000000,   1.24000,
,,,11.800000000000,   1.32000,
,,,12.000000000000,   1.36000,
,,,12.200000000000,   1.36000,
,,,12.400000000000,   1.36000,
,,,12.600000000000,   1.36000,
,,,12.800000000000,   1.36000,
,,,13.000000000000,   1.36000,
,,,13.200000000000,   1.36000,
,,,13.400000000000,   1.36000,
,,,13.600000000000,   1.36000,
,,,13.800000000000,   1.40000,
,,,14.000000000000,   1.40000,
,,,14.200000000000,   1.44000,
,,,14.400000000000,   1.40000,
,,,14.600000000000,   1.40000,
,,,14.800000000000,   1.40000,
,,,15.000000000000,   1.40000,
,,,15.200000000000,   1.40000,
,,,15.400000000000,   1.44000,
,,,15.600000000000,   1.44000,
,,,15.800000000000,   1.44000,
,,,16.000000000000,   1.44000,
,,,16.200000000000,   1.44000,
,,,16.400000000000,   1.44000,
,,,16.600000000000,   1.44000,
,,,16.800000000000,   1.48000,
,,,17.000000000000,   1.48000,
,,,17.200000000000,   1.48000,
,,,17.400000000000,   1.48000,
,,,17.600000000000,   1.48000,
,,,17.800000000000,   1.52000,
,,,18.000000000000,   1.44000,
,,,18.200000000000,   1.48000,
,,,18.400000000000,   1.52000,
,,,18.600000000000,   1.56000,
,,,18.800000000000,   1.60000,
,,,19.000000000000,   1.52000,
,,,19.200000000000,   1.60000,
,,,19.400000000000,   1.52000,
,,,19.600000000000,   1.56000,
,,,19.800000000000,   1.56000,
,,,20.000000000000,   1.56000,
,,,20.200000000000,   1.56000,
,,,20.400000000000,   1.64000,
,,,20.600000000000,   1.60000,
,,,20.800000000000,   1.64000,
,,,21.000000000000,   1.60000,
,,,21.200000000000,   1.64000,
,,,21.400000000000,   1.64000,
,,,21.600000000000,   1.68000,
,,,21.800000000000,   1.64000,
,,,22.000000000000,   1.68000,
,,,22.200000000000,   1.68000,
,,,22.400000000000,   1.64000,
,,,22.600000000000,   1.68000,
,,,22.800000000000,   1.76000,
,,,23.000000000000,   1.68000,
,,,23.200000000000,   1.68000,
,,,23.400000000000,   1.64000,
,,,23.600000000000,   1.68000,
,,,23.800000000000,   1.72000,
,,,24.000000000000,   1.72000,
,,,24.200000000000,   1.72000,
,,,24.400000000000,   1.72000,
,,,24.600000000000,   1.76000,
,,,24.800000000000,   1.72000,
,,,25.000000000000,   1.76000,
,,,25.200000000000,   1.76000,
,,,25.400000000000,   1.76000,
,,,25.600000000000,   1.80000,
,,,25.800000000000,   1.80000,
,,,26.000000000000,   1.80000,
,,,26.200000000000,   1.80000,
,,,26.400000000000,   1.80000,
,,,26.600000000000,   1.88000,
,,,26.800000000000,   1.80000,
,,,27.000000000000,   1.76000,
,,,27.200000000000,   1.80000,
,,,27.400000000000,   1.80000,
,,,27.600000000000,   1.84000,
,,,27.800000000000,   1.92000,
,,,28.000000000000,   1.84000,
,,,28.200000000000,   1.88000,
,,,28.400000000000,   1.88000,
,,,28.600000000000,   1.92000,
,,,28.800000000000,   1.92000,
,,,29.000000000000,   1.92000,
,,,29.200000000000,   1.92000,
,,,29.400000000000,   1.84000,
,,,29.600000000000,   1.92000,
,,,29.800000000000,   1.92000,
,,,30.000000000000,   1.92000,
,,,30.200000000000,   1.96000,
,,,30.400000000000,   2.00000,
,,,30.600000000000,   1.96000,
,,,30.800000000000,   1.96000,
,,,31.000000000000,   1.96000,
,,,31.200000000000,   1.96000,
,,,31.400000000000,   2.04000,
,,,31.600000000000,   2.00000,
,,,31.800000000000,   2.04000,
,,,32.000000000000,   2.04000,
,,,32.200000000000,   2.00000,
,,,32.400000000000,   2.08000,
,,,32.600000000000,   2.04000,
,,,32.800000000000,   2.04000,
,,,33.000000000000,   2.00000,
,,,33.200000000000,   2.04000,
,,,33.400000000000,   2.08000,
,,,33.600000000000,   2.04000,
,,,33.800000000000,   2.16000,
,,,34.000000000000,   2.08000,
,,,34.200000000000,   2.04000,
,,,34.400000000000,   2.08000,
,,,34.600000000000,   2.08000,
,,,34.800000000000,   2.12000,
,,,35.000000000000,   2.16000,
,,,35.200000000000,   2.16000,
,,,35.400000000000,   2.12000,
,,,35.600000000000,   2.12000,
,,,35.800000000000,   2.08000,
,,,36.000000000000,   2.16000,
,,,36.200000000000,   2.16000,
,,,36.400000000000,   2.16000,
,,,36.600000000000,   2.20000,
,,,36.800000000000,   2.20000,
,,,37.000000000000,   2.16000,
,,,37.200000000000,   2.20000,
,,,37.400000000000,   2.20000,
,,,37.600000000000,   2.20000,
,,,37.800000000000,   2.20000,
,,,38.000000000000,   2.24000,
,,,38.200000000000,   2.24000,
,,,38.400000000000,   2.24000,
,,,38.600000000000,   2.28000,
,,,38.800000000000,   2.24000,
,,,39.000000000000,   2.28000,
,,,39.200000000000,   2.28000,
,,,39.400000000000,   2.28000,
,,,39.600000000000,   2.28000,
,,,39.800000000000,   2.28000,
,,,40.000000000000,   2.32000,
,,,40.200000000000,   2.40000,
,,,40.400000000000,   2.36000,
,,,40.600000000000,   2.32000,
,,,40.800000000000,   2.36000,
,,,41.000000000000,   2.36000,
,,,41.200000000000,   2.40000,
,,,41.400000000000,   2.36000,
,,,41.600000000000,   2.40000,
,,,41.800000000000,   2.36000,
,,,42.000000000000,   2.40000,
,,,42.200000000000,   2.40000,
,,,42.400000000000,   2.44000,
,,,42.600000000000,   2.40000,
,,,42.800000000000,   2.44000,
,,,43.000000000000,   2.40000,
,,,43.200000000000,   2.44000,
,,,43.400000000000,   2.48000,
,,,43.600000000000,   2.40000,
,,,43.800000000000,   2.44000,
,,,44.000000000000,   2.44000,
,,,44.200000000000,   2.48000,
,,,44.400000000000,   2.52000,
,,,44.600000000000,   2.48000,
,,,44.800000000000,   2.52000,
,,,45.000000000000,   2.52000,
,,,45.200000000000,   2.52000,
,,,45.400000000000,   2.52000,
,,,45.600000000000,   2.52000,
,,,45.800000000000,   2.52000,
,,,46.000000000000,   2.56000,
,,,46.200000000000,   2.56000,
,,,46.400000000000,   2.60000,
,,,46.600000000000,   2.60000,
,,,46.800000000000,   2.56000,
,,,47.000000000000,   2.64000,
,,,47.200000000000,   2.64000,
,,,47.400000000000,   2.64000,
,,,47.600000000000,   2.64000,
,,,47.800000000000,   2.60000,
,,,48.000000000000,   2.68000,
,,,48.200000000000,   2.68000,
,,,48.400000000000,   2.64000,
,,,48.600000000000,   2.68000,
,,,48.800000000000,   2.64000,
,,,49.000000000000,   2.64000,
,,,49.200000000000,   2.72000,
,,,49.400000000000,   2.72000,
,,,49.600000000000,   2.72000,
,,,49.800000000000,   2.76000,
,,,50.000000000000,   2.76000,
,,,50.200000000000,   2.76000,
,,,50.400000000000,   2.76000,
,,,50.600000000000,   2.80000,
,,,50.800000000000,   2.80000,
,,,51.000000000000,   2.80000,
,,,51.200000000000,   2.80000,
,,,51.400000000000,   2.80000,
,,,51.600000000000,   2.80000,
,,,51.800000000000,   2.88000,
,,,52.000000000000,   2.84000,
,,,52.200000000000,   2.88000,
,,,52.400000000000,   2.88000,
,,,52.600000000000,   2.88000,
,,,52.800000000000,   2.88000,
,,,53.000000000000,   2.88000,
,,,53.200000000000,   2.88000,
,,,53.400000000000,   2.92000,
,,,53.600000000000,   2.92000,
,,,53.800000000000,   2.96000,
,,,54.000000000000,   2.96000,
,,,54.200000000000,   2.96000,
,,,54.400000000000,   2.96000,
,,,54.600000000000,   3.00000,
,,,54.800000000000,   3.00000,
,,,55.000000000000,   3.00000,
,,,55.200000000000,   3.16000,
,,,55.400000000000,   3.04000,
,,,55.600000000000,   3.08000,
,,,55.800000000000,   3.08000,
,,,56.000000000000,   3.04000,
,,,56.200000000000,   3.04000,
,,,56.400000000000,   3.04000,
,,,56.600000000000,   3.12000,
,,,56.800000000000,   3.08000,
,,,57.000000000000,   3.12000,
,,,57.200000000000,   3.12000,
,,,57.400000000000,   3.12000,
,,,57.600000000000,   3.16000,
,,,57.800000000000,   3.16000,
,,,58.000000000000,   3.16000,
,,,58.200000000000,   3.12000,
,,,58.400000000000,   3.16000,
,,,58.600000000000,   3.20000,
,,,58.800000000000,   3.20000,
,,,59.000000000000,   3.24000,
,,,59.200000000000,   3.20000,
,,,59.400000000000,   3.20000,
,,,59.600000000000,   3.28000,
,,,59.800000000000,   3.28000,
,,,60.000000000000,   3.28000,
,,,60.200000000000,   3.28000,
,,,60.400000000000,   3.28000,
,,,60.600000000000,   3.32000,
,,,60.800000000000,   3.32000,
,,,61.000000000000,   3.32000,
,,,61.200000000000,   3.36000,
,,,61.400000000000,   3.28000,
,,,61.600000000000,   3.40000,
,,,61.800000000000,   3.40000,
,,,62.000000000000,   3.36000,
,,,62.200000000000,   3.40000,
,,,62.400000000000,   3.40000,
,,,62.600000000000,   3.40000,
,,,62.800000000000,   3.44000,
,,,63.000000000000,   3.44000,
,,,63.200000000000,   3.44000,
,,,63.400000000000,   3.48000,
,,,63.600000000000,   3.48000,
,,,63.800000000000,   3.52000,
,,,64.000000000000,   3.48000,
,,,64.200000000000,   3.52000,
,,,64.400000000000,   3.52000,
,,,64.600000000000,   3.56000,
,,,64.800000000000,   3.56000,
,,,65.000000000000,   3.56000,
,,,65.200000000000,   3.60000,
,,,65.400000000000,   3.60000,
,,,65.600000000000,   3.56000,
,,,65.800000000000,   3.64000,
,,,66.000000000000,   3.64000,
,,,66.200000000000,   3.60000,
,,,66.400000000000,   3.64000,
,,,66.600000000000,   3.64000,
,,,66.800000000000,   3.64000,
,,,67.000000000000,   3.68000,
,,,67.200000000000,   3.68000,
,,,67.400000000000,   3.72000,
,,,67.600000000000,   3.72000,
,,,67.800000000000,   3.72000,
,,,68.000000000000,   3.76000,
,,,68.200000000000,   3.72000,
,,,68.400000000000,   3.76000,
,,,68.600000000000,   3.80000,
,,,68.800000000000,   3.80000,
,,,69.000000000000,   3.80000,
,,,69.200000000000,   3.80000,
,,,69.400000000000,   3.80000,
,,,69.600000000000,   3.84000,
,,,69.800000000000,   3.84000,
,,,70.000000000000,   3.84000,
,,,70.200000000000,   3.88000,
,,,70.400000000000,   3.92000,
,,,70.600000000000,   3.92000,
,,,70.800000000000,   3.92000,
,,,71.000000000000,   3.92000,
,,,71.200000000000,   3.96000,
,,,71.400000000000,   3.96000,
,,,71.600000000000,   3.96000,
,,,71.800000000000,   3.96000,
,,,72.000000000000,   3.96000,
,,,72.200000000000,   4.00000,
,,,72.400000000000,   4.04000,
,,,72.600000000000,   4.04000,
,,,72.800000000000,   4.04000,
,,,73.000000000000,   4.08000,
,,,73.200000000000,   4.08000,
,,,73.400000000000,   4.12000,
,,,73.600000000000,   4.04000,
,,,73.800000000000,   4.12000,
,,,74.000000000000,   4.16000,
,,,74.200000000000,   4.16000,
,,,74.400000000000,   4.16000,
,,,74.600000000000,   4.16000,
,,,74.800000000000,   4.20000,
,,,75.000000000000,   4.16000,
,,,75.200000000000,   4.20000,
,,,75.400000000000,   4.24000,
,,,75.600000000000,   4.24000,
,,,75.800000000000,   4.24000,
,,,76.000000000000,   4.24000,
,,,76.200000000000,   4.28000,
,,,76.400000000000,   4.32000,
,,,76.600000000000,   4.28000,
,,,76.800000000000,   4.32000,
,,,77.000000000000,   4.28000,
,,,77.200000000000,   4.32000,
,,,77.400000000000,   4.36000,
,,,77.600000000000,   4.36000,
,,,77.800000000000,   4.36000,
,,,78.000000000000,   4.40000,
,,,78.200000000000,   4.40000,
,,,78.400000000000,   4.44000,
,,,78.600000000000,   4.44000,
,,,78.800000000000,   4.48000,
,,,79.000000000000,   4.48000,
,,,79.200000000000,   4.52000,
,,,79.400000000000,   4.44000,
,,,79.600000000000,   4.52000,
,,,79.800000000000,   4.48000,
,,,80.000000000000,   4.52000,
,,,80.200000000000,   4.56000,
,,,80.400000000000,   4.56000,
,,,80.600000000000,   4.60000,
,,,80.800000000000,   4.60000,
,,,81.000000000000,   4.60000,
,,,81.200000000000,   4.60000,
,,,81.400000000000,   4.64000,
,,,81.600000000000,   4.64000,
,,,81.800000000000,   4.64000,
,,,82.000000000000,   4.64000,
,,,82.200000000000,   4.64000,
,,,82.400000000000,   4.68000,
,,,82.600000000000,   4.68000,
,,,82.800000000000,   4.68000,
,,,83.000000000000,   4.68000,
,,,83.200000000000,   4.72000,
,,,83.400000000000,   4.72000,
,,,83.600000000000,   4.72000,
,,,83.800000000000,   4.76000,
,,,84.000000000000,   4.76000,
,,,84.200000000000,   4.76000,
,,,84.400000000000,   4.76000,
,,,84.600000000000,   4.72000,
,,,84.800000000000,   4.76000,
,,,85.000000000000,   4.76000,
,,,85.200000000000,   4.80000,
,,,85.400000000000,   4.76000,
,,,85.600000000000,   4.76000,
,,,85.800000000000,   4.80000,
,,,86.000000000000,   4.80000,
,,,86.200000000000,   4.84000,
,,,86.400000000000,   4.80000,
,,,86.600000000000,   4.84000,
,,,86.800000000000,   4.88000,
,,,87.000000000000,   4.84000,
,,,87.200000000000,   4.88000,
,,,87.400000000000,   4.84000,
,,,87.600000000000,   4.88000,
,,,87.800000000000,   4.84000,
,,,88.000000000000,   4.88000,
,,,88.200000000000,   4.88000,
,,,88.400000000000,   4.88000,
,,,88.600000000000,   4.88000,
,,,88.800000000000,   4.92000,
,,,89.000000000000,   4.88000,
,,,89.200000000000,   4.88000,
,,,89.400000000000,   4.88000,
,,,89.600000000000,   4.88000,
,,,89.800000000000,   4.80000,
,,,90.000000000000,   4.92000,
,,,90.200000000000,   4.92000,
,,,90.400000000000,   4.92000,
,,,90.600000000000,   4.88000,
,,,90.800000000000,   4.96000,
,,,91.000000000000,   4.92000,
,,,91.200000000000,   4.96000,
,,,91.400000000000,   4.96000,
,,,91.600000000000,   4.96000,
,,,91.800000000000,   4.92000,
,,,92.000000000000,   4.92000,
,,,92.200000000000,   4.92000,
,,,92.400000000000,   4.96000,
,,,92.600000000000,   4.92000,
,,,92.800000000000,   4.96000,
,,,93.000000000000,   4.96000,
,,,93.200000000000,   4.96000,
,,,93.400000000000,   4.92000,
,,,93.600000000000,   4.96000,
,,,93.800000000000,   4.92000,
,,,94.000000000000,   4.96000,
,,,94.200000000000,   4.96000,
,,,94.400000000000,   4.96000,
,,,94.600000000000,   4.88000,
,,,94.800000000000,   4.96000,
,,,95.000000000000,   4.96000,
,,,95.200000000000,   4.96000,
,,,95.400000000000,   4.92000,
,,,95.600000000000,   4.92000,
,,,95.800000000000,   5.08000,
,,,96.000000000000,   4.92000,
,,,96.200000000000,   4.92000,
,,,96.400000000000,   4.92000,
,,,96.600000000000,   4.88000,
,,,96.800000000000,   4.92000,
,,,97.000000000000,   4.92000,
,,,97.200000000000,   4.92000,
,,,97.400000000000,   4.92000,
,,,97.600000000000,   4.88000,
,,,97.800000000000,   4.88000,
,,,98.000000000000,   4.92000,
,,,98.200000000000,   4.84000,
,,,98.400000000000,   4.88000,
,,,98.600000000000,   4.84000,
,,,98.800000000000,   4.88000,
,,,99.000000000000,   4.84000,
,,,99.200000000000,   4.84000,
,,,99.400000000000,   4.80000,
,,,99.600000000000,   4.84000,
,,,99.800000000000,   4.84000,
,,,100.000000000000,   4.80000,
,,,100.200000000000,   4.80000,
,,,100.400000000000,   4.72000,
,,,100.600000000000,   4.80000,
,,,100.800000000000,   4.76000,
,,,101.000000000000,   4.76000,
,,,101.200000000000,   4.72000,
,,,101.400000000000,   4.80000,
,,,101.600000000000,   4.72000,
,,,101.800000000000,   4.72000,
,,,102.000000000000,   4.72000,
,,,102.200000000000,   4.76000,
,,,102.400000000000,   4.72000,
,,,102.600000000000,   4.68000,
,,,102.800000000000,   4.72000,
,,,103.000000000000,   4.68000,
,,,103.200000000000,   4.68000,
,,,103.400000000000,   4.68000,
,,,103.600000000000,   4.68000,
,,,103.800000000000,   4.68000,
,,,104.000000000000,   4.60000,
,,,104.200000000000,   4.64000,
,,,104.400000000000,   4.60000,
,,,104.600000000000,   4.64000,
,,,104.800000000000,   4.60000,
,,,105.000000000000,   4.60000,
,,,105.200000000000,   4.60000,
,,,105.400000000000,   4.60000,
,,,105.600000000000,   4.60000,
,,,105.800000000000,   4.60000,
,,,106.000000000000,   4.60000,
,,,106.200000000000,   4.60000,
,,,106.400000000000,   4.56000,
,,,106.600000000000,   4.52000,
,,,106.800000000000,   4.56000,
,,,107.000000000000,   4.52000,
,,,107.200000000000,   4.56000,
,,,107.400000000000,   4.56000,
,,,107.600000000000,   4.52000,
,,,107.800000000000,   4.52000,
,,,108.000000000000,   4.52000,
,,,108.200000000000,   4.52000,
,,,108.400000000000,   4.52000,
,,,108.600000000000,   4.48000,
,,,108.800000000000,   4.52000,
,,,109.000000000000,   4.52000,
,,,109.200000000000,   4.48000,
,,,109.400000000000,   4.48000,
,,,109.600000000000,   4.40000,
,,,109.800000000000,   4.48000,
,,,110.000000000000,   4.48000,
,,,110.200000000000,   4.44000,
,,,110.400000000000,   4.44000,
,,,110.600000000000,   4.44000,
,,,110.800000000000,   4.44000,
,,,111.000000000000,   4.40000,
,,,111.200000000000,   4.44000,
,,,111.400000000000,   4.40000,
,,,111.600000000000,   4.44000,
,,,111.800000000000,   4.40000,
,,,112.000000000000,   4.44000,
,,,112.200000000000,   4.44000,
,,,112.400000000000,   4.36000,
,,,112.600000000000,   4.36000,
,,,112.800000000000,   4.36000,
,,,113.000000000000,   4.36000,
,,,113.200000000000,   4.36000,
,,,113.400000000000,   4.40000,
,,,113.600000000000,   4.32000,
,,,113.800000000000,   4.36000,
,,,114.000000000000,   4.36000,
,,,114.200000000000,   4.36000,
,,,114.400000000000,   4.32000,
,,,114.600000000000,   4.28000,
,,,114.800000000000,   4.28000,
,,,115.000000000000,   4.32000,
,,,115.200000000000,   4.28000,
,,,115.400000000000,   4.32000,
,,,115.600000000000,   4.28000,
,,,115.800000000000,   4.28000,
,,,116.000000000000,   4.28000,
,,,116.200000000000,   4.24000,
,,,116.400000000000,   4.24000,
,,,116.600000000000,   4.28000,
,,,116.800000000000,   4.24000,
,,,117.000000000000,   4.20000,
,,,117.200000000000,   4.28000,
,,,117.400000000000,   4.24000,
,,,117.600000000000,   4.24000,
,,,117.800000000000,   4.24000,
,,,118.000000000000,   4.24000,
,,,118.200000000000,   4.20000,
,,,118.400000000000,   4.20000,
,,,118.600000000000,   4.20000,
,,,118.800000000000,   4.24000,
,,,119.000000000000,   4.20000,
,,,119.200000000000,   4.20000,
,,,119.400000000000,   4.20000,
,,,119.600000000000,   4.16000,
,,,119.800000000000,   4.20000,
,,,120.000000000000,   4.16000,
,,,120.200000000000,   4.20000,
,,,120.400000000000,   4.20000,
,,,120.600000000000,   4.16000,
,,,120.800000000000,   4.16000,
,,,121.000000000000,   4.16000,
,,,121.200000000000,   4.16000,
,,,121.400000000000,   4.16000,
,,,121.600000000000,   4.16000,
,,,121.800000000000,   4.12000,
,,,122.000000000000,   4.12000,
,,,122.200000000000,   4.12000,
,,,122.400000000000,   4.12000,
,,,122.600000000000,   4.12000,
,,,122.800000000000,   4.16000,
,,,123.000000000000,   4.12000,
,,,123.200000000000,   4.12000,
,,,123.400000000000,   4.08000,
,,,123.600000000000,   4.08000,
,,,123.800000000000,   4.08000,
,,,124.000000000000,   4.08000,
,,,124.200000000000,   4.12000,
,,,124.400000000000,   4.08000,
,,,124.600000000000,   4.08000,
,,,124.800000000000,   4.08000,
,,,125.000000000000,   4.04000,
,,,125.200000000000,   4.04000,
,,,125.400000000000,   4.04000,
,,,125.600000000000,   4.04000,
,,,125.800000000000,   4.04000,
,,,126.000000000000,   4.04000,
,,,126.200000000000,   4.04000,
,,,126.400000000000,   4.04000,
,,,126.600000000000,   4.00000,
,,,126.800000000000,   4.00000,
,,,127.000000000000,   4.00000,
,,,127.200000000000,   4.00000,
,,,127.400000000000,   4.00000,
,,,127.600000000000,   4.04000,
,,,127.800000000000,   4.04000,
,,,128.000000000000,   4.00000,
,,,128.200000000000,   3.96000,
,,,128.400000000000,   3.96000,
,,,128.600000000000,   3.96000,
,,,128.800000000000,   3.92000,
,,,129.000000000000,   4.00000,
,,,129.200000000000,   3.96000,
,,,129.400000000000,   4.00000,
,,,129.600000000000,   3.96000,
,,,129.800000000000,   3.96000,
,,,130.000000000000,   4.00000,
,,,130.200000000000,   3.92000,
,,,130.400000000000,   3.88000,
,,,130.600000000000,   3.96000,
,,,130.800000000000,   3.92000,
,,,131.000000000000,   3.92000,
,,,131.200000000000,   3.92000,
,,,131.400000000000,   3.96000,
,,,131.600000000000,   3.92000,
,,,131.800000000000,   3.92000,
,,,132.000000000000,   3.92000,
,,,132.200000000000,   3.92000,
,,,132.400000000000,   3.84000,
,,,132.600000000000,   3.88000,
,,,132.800000000000,   3.88000,
,,,133.000000000000,   3.88000,
,,,133.200000000000,   3.92000,
,,,133.400000000000,   3.88000,
,,,133.600000000000,   3.92000,
,,,133.800000000000,   3.92000,
,,,134.000000000000,   3.88000,
,,,134.200000000000,   3.88000,
,,,134.400000000000,   3.92000,
,,,134.600000000000,   3.88000,
,,,134.800000000000,   3.88000,
,,,135.000000000000,   3.92000,
,,,135.200000000000,   3.88000,
,,,135.400000000000,   3.88000,
,,,135.600000000000,   3.88000,
,,,135.800000000000,   3.88000,
,,,136.000000000000,   3.88000,
,,,136.200000000000,   3.84000,
,,,136.400000000000,   4.00000,
,,,136.600000000000,   3.84000,
,,,136.800000000000,   3.88000,
,,,137.000000000000,   3.88000,
,,,137.200000000000,   3.84000,
,,,137.400000000000,   3.84000,
,,,137.600000000000,   3.76000,
,,,137.800000000000,   3.84000,
,,,138.000000000000,   3.84000,
,,,138.200000000000,   3.84000,
,,,138.400000000000,   3.80000,
,,,138.600000000000,   3.80000,
,,,138.800000000000,   3.80000,
,,,139.000000000000,   3.84000,
,,,139.200000000000,   3.84000,
,,,139.400000000000,   3.84000,
,,,139.600000000000,   3.84000,
,,,139.800000000000,   3.80000,
,,,140.000000000000,   3.80000,
,,,140.200000000000,   3.80000,
,,,140.400000000000,   3.80000,
,,,140.600000000000,   3.80000,
,,,140.800000000000,   3.80000,
,,,141.000000000000,   3.80000,
,,,141.200000000000,   3.80000,
,,,141.400000000000,   3.76000,
,,,141.600000000000,   3.80000,
,,,141.800000000000,   3.80000,
,,,142.000000000000,   3.80000,
,,,142.200000000000,   3.80000,
,,,142.400000000000,   3.80000,
,,,142.600000000000,   3.76000,
,,,142.800000000000,   3.80000,
,,,143.000000000000,   3.76000,
,,,143.200000000000,   3.76000,
,,,143.400000000000,   3.76000,
,,,143.600000000000,   3.76000,
,,,143.800000000000,   3.72000,
,,,144.000000000000,   3.80000,
,,,144.200000000000,   3.76000,
,,,144.400000000000,   3.68000,
,,,144.600000000000,   3.76000,
,,,144.800000000000,   3.76000,
,,,145.000000000000,   3.76000,
,,,145.200000000000,   3.76000,
,,,145.400000000000,   3.76000,
,,,145.600000000000,   3.76000,
,,,145.800000000000,   3.76000,
,,,146.000000000000,   3.76000,
,,,146.200000000000,   3.72000,
,,,146.400000000000,   3.76000,
,,,146.600000000000,   3.76000,
,,,146.800000000000,   3.72000,
,,,147.000000000000,   3.72000,
,,,147.200000000000,   3.72000,
,,,147.400000000000,   3.72000,
,,,147.600000000000,   3.72000,
,,,147.800000000000,   3.76000,
,,,148.000000000000,   3.72000,
,,,148.200000000000,   3.72000,
,,,148.400000000000,   3.68000,
,,,148.600000000000,   3.68000,
,,,148.800000000000,   3.72000,
,,,149.000000000000,   3.68000,
,,,149.200000000000,   3.72000,
,,,149.400000000000,   3.68000,
,,,149.600000000000,   3.68000,
,,,149.800000000000,   3.72000,
,,,150.000000000000,   3.72000,
,,,150.200000000000,   3.72000,
,,,150.400000000000,   3.80000,
,,,150.600000000000,   3.68000,
,,,150.800000000000,   3.68000,
,,,151.000000000000,   3.68000,
,,,151.200000000000,   3.68000,
,,,151.400000000000,   3.68000,
,,,151.600000000000,   3.68000,
,,,151.800000000000,   3.68000,
,,,152.000000000000,   3.72000,
,,,152.200000000000,   3.72000,
,,,152.400000000000,   3.72000,
,,,152.600000000000,   3.68000,
,,,152.800000000000,   3.64000,
,,,153.000000000000,   3.76000,
,,,153.200000000000,   3.68000,
,,,153.400000000000,   3.72000,
,,,153.600000000000,   3.64000,
,,,153.800000000000,   3.72000,
,,,154.000000000000,   3.68000,
,,,154.200000000000,   3.68000,
,,,154.400000000000,   3.68000,
,,,154.600000000000,   3.72000,
,,,154.800000000000,   3.68000,
,,,155.000000000000,   3.60000,
,,,155.200000000000,   3.68000,
,,,155.400000000000,   3.68000,
,,,155.600000000000,   3.68000,
,,,155.800000000000,   3.68000,
,,,156.000000000000,   3.68000,
,,,156.200000000000,   3.68000,
,,,156.400000000000,   3.64000,
,,,156.600000000000,   3.68000,
,,,156.800000000000,   3.64000,
,,,157.000000000000,   3.72000,
,,,157.200000000000,   3.68000,
,,,157.400000000000,   3.68000,
,,,157.600000000000,   3.68000,
,,,157.800000000000,   3.60000,
,,,158.000000000000,   3.72000,
,,,158.200000000000,   3.68000,
,,,158.400000000000,   3.68000,
,,,158.600000000000,   3.68000,
,,,158.800000000000,   3.68000,
,,,159.000000000000,   3.80000,
,,,159.200000000000,   3.68000,
,,,159.400000000000,   3.68000,
,,,159.600000000000,   3.64000,
,,,159.800000000000,   3.72000,
,,,160.000000000000,   3.68000,
,,,160.200000000000,   3.68000,
,,,160.400000000000,   3.68000,
,,,160.600000000000,   3.56000,
,,,160.800000000000,   3.72000,
,,,161.000000000000,   3.68000,
,,,161.200000000000,   3.68000,
,,,161.400000000000,   3.68000,
,,,161.600000000000,   3.64000,
,,,161.800000000000,   3.68000,
,,,162.000000000000,   3.68000,
,,,162.200000000000,   3.64000,
,,,162.400000000000,   3.76000,
,,,162.600000000000,   3.68000,
,,,162.800000000000,   3.68000,
,,,163.000000000000,   3.68000,
,,,163.200000000000,   3.60000,
,,,163.400000000000,   3.68000,
,,,163.600000000000,   3.64000,
,,,163.800000000000,   3.68000,
,,,164.000000000000,   3.68000,
,,,164.200000000000,   3.64000,
,,,164.400000000000,   3.68000,
,,,164.600000000000,   3.68000,
,,,164.800000000000,   3.56000,
,,,165.000000000000,   3.76000,
,,,165.200000000000,   3.68000,
,,,165.400000000000,   3.68000,
,,,165.600000000000,   3.64000,
,,,165.800000000000,   3.60000,
,,,166.000000000000,   3.68000,
,,,166.200000000000,   3.68000,
,,,166.400000000000,   3.68000,
,,,166.600000000000,   3.64000,
,,,166.800000000000,   3.68000,
,,,167.000000000000,   3.68000,
,,,167.200000000000,   3.68000,
,,,167.400000000000,   3.68000,
,,,167.600000000000,   3.68000,
,,,167.800000000000,   3.64000,
,,,168.000000000000,   3.68000,
,,,168.200000000000,   3.68000,
,,,168.400000000000,   3.72000,
,,,168.600000000000,   3.68000,
,,,168.800000000000,   3.68000,
,,,169.000000000000,   3.64000,
,,,169.200000000000,   3.60000,
,,,169.400000000000,   3.68000,
,,,169.600000000000,   3.68000,
,,,169.800000000000,   3.68000,
,,,170.000000000000,   3.68000,
,,,170.200000000000,   3.68000,
,,,170.400000000000,   3.68000,
,,,170.600000000000,   3.68000,
,,,170.800000000000,   3.68000,
,,,171.000000000000,   3.68000,
,,,171.200000000000,   3.68000,
,,,171.400000000000,   3.64000,
,,,171.600000000000,   3.68000,
,,,171.800000000000,   3.68000,
,,,172.000000000000,   3.68000,
,,,172.200000000000,   3.68000,
,,,172.400000000000,   3.64000,
,,,172.600000000000,   3.64000,
,,,172.800000000000,   3.64000,
,,,173.000000000000,   3.68000,
,,,173.200000000000,   3.68000,
,,,173.400000000000,   3.68000,
,,,173.600000000000,   3.64000,
,,,173.800000000000,   3.64000,
,,,174.000000000000,   3.68000,
,,,174.200000000000,   3.68000,
,,,174.400000000000,   3.68000,
,,,174.600000000000,   3.68000,
,,,174.800000000000,   3.68000,
,,,175.000000000000,   3.68000,
,,,175.200000000000,   3.68000,
,,,175.400000000000,   3.68000,
,,,175.600000000000,   3.68000,
,,,175.800000000000,   3.64000,
,,,176.000000000000,   3.64000,
,,,176.200000000000,   3.68000,
,,,176.400000000000,   3.68000,
,,,176.600000000000,   3.68000,
,,,176.800000000000,   3.68000,
,,,177.000000000000,   3.68000,
,,,177.200000000000,   3.64000,
,,,177.400000000000,   3.80000,
,,,177.600000000000,   3.68000,
,,,177.800000000000,   3.64000,
,,,178.000000000000,   3.68000,
,,,178.200000000000,   3.68000,
,,,178.400000000000,   3.68000,
,,,178.600000000000,   3.64000,
,,,178.800000000000,   3.64000,
,,,179.000000000000,   3.68000,
,,,179.200000000000,   3.68000,
,,,179.400000000000,   3.68000,
,,,179.600000000000,   3.68000,
,,,179.800000000000,   3.68000,
,,,180.000000000000,   3.64000,
,,,180.200000000000,   3.68000,
,,,180.400000000000,   3.64000,
,,,180.600000000000,   3.64000,
,,,180.800000000000,   3.64000,
,,,181.000000000000,   3.68000,
,,,181.200000000000,   3.68000,
,,,181.400000000000,   3.68000,
,,,181.600000000000,   3.68000,
,,,181.800000000000,   3.68000,
,,,182.000000000000,   3.72000,
,,,182.200000000000,   3.68000,
,,,182.400000000000,   3.80000,
,,,182.600000000000,   3.64000,
,,,182.800000000000,   3.80000,
,,,183.000000000000,   3.68000,
,,,183.200000000000,   3.68000,
,,,183.400000000000,   3.68000,
,,,183.600000000000,   3.68000,
,,,183.800000000000,   3.68000,
,,,184.000000000000,   3.68000,
,,,184.200000000000,   3.76000,
,,,184.400000000000,   3.68000,
,,,184.600000000000,   3.60000,
,,,184.800000000000,   3.68000,
,,,185.000000000000,   3.68000,
,,,185.200000000000,   3.64000,
,,,185.400000000000,   3.64000,
,,,185.600000000000,   3.68000,
,,,185.800000000000,   3.60000,
,,,186.000000000000,   3.72000,
,,,186.200000000000,   3.68000,
,,,186.400000000000,   3.68000,
,,,186.600000000000,   3.68000,
,,,186.800000000000,   3.64000,
,,,187.000000000000,   3.68000,
,,,187.200000000000,   3.68000,
,,,187.400000000000,   3.68000,
,,,187.600000000000,   3.68000,
,,,187.800000000000,   3.72000,
,,,188.000000000000,   3.72000,
,,,188.200000000000,   3.68000,
,,,188.400000000000,   3.72000,
,,,188.600000000000,   3.68000,
,,,188.800000000000,   3.64000,
,,,189.000000000000,   3.68000,
,,,189.200000000000,   3.72000,
,,,189.400000000000,   3.72000,
,,,189.600000000000,   3.68000,
,,,189.800000000000,   3.68000,
,,,190.000000000000,   3.68000,
,,,190.200000000000,   3.64000,
,,,190.400000000000,   3.68000,
,,,190.600000000000,   3.68000,
,,,190.800000000000,   3.68000,
,,,191.000000000000,   3.68000,
,,,191.200000000000,   3.64000,
,,,191.400000000000,   3.68000,
,,,191.600000000000,   3.68000,
,,,191.800000000000,   3.68000,
,,,192.000000000000,   3.68000,
,,,192.200000000000,   3.68000,
,,,192.400000000000,   3.68000,
,,,192.600000000000,   3.68000,
,,,192.800000000000,   3.68000,
,,,193.000000000000,   3.68000,
,,,193.200000000000,   3.68000,
,,,193.400000000000,   3.68000,
,,,193.600000000000,   3.68000,
,,,193.800000000000,   3.68000,
,,,194.000000000000,   3.68000,
,,,194.200000000000,   3.68000,
,,,194.400000000000,   3.72000,
,,,194.600000000000,   3.68000,
,,,194.800000000000,   3.60000,
,,,195.000000000000,   3.68000,
,,,195.200000000000,   3.68000,
,,,195.400000000000,   3.68000,
,,,195.600000000000,   3.68000,
,,,195.800000000000,   3.72000,
,,,196.000000000000,   3.68000,
,,,196.200000000000,   3.68000,
,,,196.400000000000,   3.76000,
,,,196.600000000000,   3.68000,
,,,196.800000000000,   3.68000,
,,,197.000000000000,   3.68000,
,,,197.200000000000,   3.68000,
,,,197.400000000000,   3.68000,
,,,197.600000000000,   3.72000,
,,,197.800000000000,   3.64000,
,,,198.000000000000,   3.68000,
,,,198.200000000000,   3.68000,
,,,198.400000000000,   3.68000,
,,,198.600000000000,   3.72000,
,,,198.800000000000,   3.68000,
,,,199.000000000000,   3.72000,
,,,199.200000000000,   3.68000,
,,,199.400000000000,   3.68000,
,,,199.600000000000,   3.68000,
,,,199.800000000000,   3.68000,
,,,200.000000000000,   3.68000,
,,,200.200000000000,   3.68000,
,,,200.400000000000,   3.68000,
,,,200.600000000000,   3.64000,
,,,200.800000000000,   3.72000,
,,,201.000000000000,   3.68000,
,,,201.200000000000,   3.68000,
,,,201.400000000000,   3.68000,
,,,201.600000000000,   3.68000,
,,,201.800000000000,   3.64000,
,,,202.000000000000,   3.68000,
,,,202.200000000000,   3.68000,
,,,202.400000000000,   3.68000,
,,,202.600000000000,   3.68000,
,,,202.800000000000,   3.68000,
,,,203.000000000000,   3.72000,
,,,203.200000000000,   3.68000,
,,,203.400000000000,   3.68000,
,,,203.600000000000,   3.64000,
,,,203.800000000000,   3.68000,
,,,204.000000000000,   3.72000,
,,,204.200000000000,   3.68000,
,,,204.400000000000,   3.64000,
,,,204.600000000000,   3.72000,
,,,204.800000000000,   3.68000,
,,,205.000000000000,   3.68000,
,,,205.200000000000,   3.68000,
,,,205.400000000000,   3.72000,
,,,205.600000000000,   3.68000,
,,,205.800000000000,   3.68000,
,,,206.000000000000,   3.72000,
,,,206.200000000000,   3.68000,
,,,206.400000000000,   3.68000,
,,,206.600000000000,   3.68000,
,,,206.800000000000,   3.68000,
,,,207.000000000000,   3.72000,
,,,207.200000000000,   3.68000,
,,,207.400000000000,   3.64000,
,,,207.600000000000,   3.72000,
,,,207.800000000000,   3.68000,
,,,208.000000000000,   3.64000,
,,,208.200000000000,   3.68000,
,,,208.400000000000,   3.68000,
,,,208.600000000000,   3.68000,
,,,208.800000000000,   3.64000,
,,,209.000000000000,   3.68000,
,,,209.200000000000,   3.68000,
,,,209.400000000000,   3.72000,
,,,209.600000000000,   3.72000,
,,,209.800000000000,   3.68000,
,,,210.000000000000,   3.72000,
,,,210.200000000000,   3.68000,
,,,210.400000000000,   3.72000,
,,,210.600000000000,   3.68000,
,,,210.800000000000,   3.68000,
,,,211.000000000000,   3.68000,
,,,211.200000000000,   3.72000,
,,,211.400000000000,   3.68000,
,,,211.600000000000,   3.68000,
,,,211.800000000000,   3.68000,
,,,212.000000000000,   3.72000,
,,,212.200000000000,   3.68000,
,,,212.400000000000,   3.68000,
,,,212.600000000000,   3.72000,
,,,212.800000000000,   3.68000,
,,,213.000000000000,   3.68000,
,,,213.200000000000,   3.72000,
,,,213.400000000000,   3.68000,
,,,213.600000000000,   3.68000,
,,,213.800000000000,   3.68000,
,,,214.000000000000,   3.68000,
,,,214.200000000000,   3.68000,
,,,214.400000000000,   3.72000,
,,,214.600000000000,   3.72000,
,,,214.800000000000,   3.68000,
,,,215.000000000000,   3.68000,
,,,215.200000000000,   3.72000,
,,,215.400000000000,   3.68000,
,,,215.600000000000,   3.68000,
,,,215.800000000000,   3.68000,
,,,216.000000000000,   3.72000,
,,,216.200000000000,   3.68000,
,,,216.400000000000,   3.72000,
,,,216.600000000000,   3.64000,
,,,216.800000000000,   3.68000,
,,,217.000000000000,   3.68000,
,,,217.200000000000,   3.72000,
,,,217.400000000000,   3.68000,
,,,217.600000000000,   3.72000,
,,,217.800000000000,   3.64000,
,,,218.000000000000,   3.68000,
,,,218.200000000000,   3.68000,
,,,218.400000000000,   3.68000,
,,,218.600000000000,   3.68000,
,,,218.800000000000,   3.68000,
,,,219.000000000000,   3.68000,
,,,219.200000000000,   3.72000,
,,,219.400000000000,   3.68000,
,,,219.600000000000,   3.72000,
,,,219.800000000000,   3.68000,
,,,220.000000000000,   3.72000,
,,,220.200000000000,   3.68000,
,,,220.400000000000,   3.68000,
,,,220.600000000000,   3.68000,
,,,220.800000000000,   3.72000,
,,,221.000000000000,   3.68000,
,,,221.200000000000,   3.68000,
,,,221.400000000000,   3.68000,
,,,221.600000000000,   3.72000,
,,,221.800000000000,   3.76000,
,,,222.000000000000,   3.68000,
,,,222.200000000000,   3.72000,
,,,222.400000000000,   3.68000,
,,,222.600000000000,   3.72000,
,,,222.800000000000,   3.68000,
,,,223.000000000000,   3.64000,
,,,223.200000000000,   3.72000,
,,,223.400000000000,   3.72000,
,,,223.600000000000,   3.68000,
,,,223.800000000000,   3.64000,
,,,224.000000000000,   3.68000,
,,,224.200000000000,   3.68000,
,,,224.400000000000,   3.68000,
,,,224.600000000000,   3.64000,
,,,224.800000000000,   3.72000,
,,,225.000000000000,   3.68000,
,,,225.200000000000,   3.72000,
,,,225.400000000000,   3.72000,
,,,225.600000000000,   3.72000,
,,,225.800000000000,   3.68000,
,,,226.000000000000,   3.68000,
,,,226.200000000000,   3.68000,
,,,226.400000000000,   3.72000,
,,,226.600000000000,   3.68000,
,,,226.800000000000,   3.68000,
,,,227.000000000000,   3.72000,
,,,227.200000000000,   3.68000,
,,,227.400000000000,   3.68000,
,,,227.600000000000,   3.64000,
,,,227.800000000000,   3.68000,
,,,228.000000000000,   3.72000,
,,,228.200000000000,   3.68000,
,,,228.400000000000,   3.68000,
,,,228.600000000000,   3.72000,
,,,228.800000000000,   3.68000,
,,,229.000000000000,   3.72000,
,,,229.200000000000,   3.68000,
,,,229.400000000000,   3.68000,
,,,229.600000000000,   3.72000,
,,,229.800000000000,   3.80000,
,,,230.000000000000,   3.68000,
,,,230.200000000000,   3.68000,
,,,230.400000000000,   3.68000,
,,,230.600000000000,   3.68000,
,,,230.800000000000,   3.68000,
,,,231.000000000000,   3.68000,
,,,231.200000000000,   3.72000,
,,,231.400000000000,   3.68000,
,,,231.600000000000,   3.68000,
,,,231.800000000000,   3.72000,
,,,232.000000000000,   3.68000,
,,,232.200000000000,   3.72000,
,,,232.400000000000,   3.64000,
,,,232.600000000000,   3.72000,
,,,232.800000000000,   3.68000,
,,,233.000000000000,   3.68000,
,,,233.200000000000,   3.72000,
,,,233.400000000000,   3.72000,
,,,233.600000000000,   3.68000,
,,,233.800000000000,   3.68000,
,,,234.000000000000,   3.68000,
,,,234.200000000000,   3.64000,
,,,234.400000000000,   3.68000,
,,,234.600000000000,   3.72000,
,,,234.800000000000,   3.84000,
,,,235.000000000000,   3.68000,
,,,235.200000000000,   3.68000,
,,,235.400000000000,   3.72000,
,,,235.600000000000,   3.68000,
,,,235.800000000000,   3.68000,
,,,236.000000000000,   3.68000,
,,,236.200000000000,   3.68000,
,,,236.400000000000,   3.68000,
,,,236.600000000000,   3.68000,
,,,236.800000000000,   3.68000,
,,,237.000000000000,   3.72000,
,,,237.200000000000,   3.68000,
,,,237.400000000000,   3.72000,
,,,237.600000000000,   3.68000,
,,,237.800000000000,   3.68000,
,,,238.000000000000,   3.72000,
,,,238.200000000000,   3.60000,
,,,238.400000000000,   3.68000,
,,,238.600000000000,   3.68000,
,,,238.800000000000,   3.68000,
,,,239.000000000000,   3.68000,
,,,239.200000000000,   3.72000,
,,,239.400000000000,   3.68000,
,,,239.600000000000,   3.68000,
,,,239.800000000000,   3.80000,
,,,240.000000000000,   3.72000,
,,,240.200000000000,   3.64000,
,,,240.400000000000,   3.68000,
,,,240.600000000000,   3.72000,
,,,240.800000000000,   3.68000,
,,,241.000000000000,   3.64000,
,,,241.200000000000,   3.68000,
,,,241.400000000000,   3.72000,
,,,241.600000000000,   3.72000,
,,,241.800000000000,   3.64000,
,,,242.000000000000,   3.72000,
,,,242.200000000000,   3.68000,
,,,242.400000000000,   3.68000,
,,,242.600000000000,   3.72000,
,,,242.800000000000,   3.72000,
,,,243.000000000000,   3.68000,
,,,243.200000000000,   3.72000,
,,,243.400000000000,   3.68000,
,,,243.600000000000,   3.72000,
,,,243.800000000000,   3.64000,
,,,244.000000000000,   3.72000,
,,,244.200000000000,   3.68000,
,,,244.400000000000,   3.72000,
,,,244.600000000000,   3.68000,
,,,244.800000000000,   3.72000,
,,,245.000000000000,   3.68000,
,,,245.200000000000,   3.72000,
,,,245.400000000000,   3.68000,
,,,245.600000000000,   3.68000,
,,,245.800000000000,   3.72000,
,,,246.000000000000,   3.80000,
,,,246.200000000000,   3.68000,
,,,246.400000000000,   3.68000,
,,,246.600000000000,   3.72000,
,,,246.800000000000,   3.72000,
,,,247.000000000000,   3.72000,
,,,247.200000000000,   3.76000,
,,,247.400000000000,   3.72000,
,,,247.600000000000,   3.68000,
,,,247.800000000000,   3.72000,
,,,248.000000000000,   3.68000,
,,,248.200000000000,   3.68000,
,,,248.400000000000,   3.68000,
,,,248.600000000000,   3.68000,
,,,248.800000000000,   3.76000,
,,,249.000000000000,   3.72000,
,,,249.200000000000,   3.72000,
,,,249.400000000000,   3.68000,
,,,249.600000000000,   3.72000,
,,,249.800000000000,   3.68000,
,,,250.000000000000,   3.68000,
,,,250.200000000000,   3.68000,
,,,250.400000000000,   3.72000,
,,,250.600000000000,   3.68000,
,,,250.800000000000,   3.68000,
,,,251.000000000000,   3.68000,
,,,251.200000000000,   3.68000,
,,,251.400000000000,   3.68000,
,,,251.600000000000,   3.72000,
,,,251.800000000000,   3.68000,
,,,252.000000000000,   3.72000,
,,,252.200000000000,   3.68000,
,,,252.400000000000,   3.68000,
,,,252.600000000000,   3.76000,
,,,252.800000000000,   3.72000,
,,,253.000000000000,   3.72000,
,,,253.200000000000,   3.72000,
,,,253.400000000000,   3.72000,
,,,253.600000000000,   3.72000,
,,,253.800000000000,   3.68000,
,,,254.000000000000,   3.72000,
,,,254.200000000000,   3.68000,
,,,254.400000000000,   3.68000,
,,,254.600000000000,   3.76000,
,,,254.800000000000,   3.72000,
,,,255.000000000000,   3.64000,
,,,255.200000000000,   3.72000,
,,,255.400000000000,   3.68000,
,,,255.600000000000,   3.68000,
,,,255.800000000000,   3.72000,
,,,256.000000000000,   3.68000,
,,,256.200000000000,   3.72000,
,,,256.400000000000,   3.68000,
,,,256.600000000000,   3.68000,
,,,256.800000000000,   3.68000,
,,,257.000000000000,   3.68000,
,,,257.200000000000,   3.72000,
,,,257.400000000000,   3.68000,
,,,257.600000000000,   3.76000,
,,,257.800000000000,   3.68000,
,,,258.000000000000,   3.72000,
,,,258.200000000000,   3.68000,
,,,258.400000000000,   3.68000,
,,,258.600000000000,   3.68000,
,,,258.800000000000,   3.72000,
,,,259.000000000000,   3.68000,
,,,259.200000000000,   3.68000,
,,,259.400000000000,   3.68000,
,,,259.600000000000,   3.64000,
,,,259.800000000000,   3.72000,
,,,260.000000000000,   3.72000,
,,,260.200000000000,   3.68000,
,,,260.400000000000,   3.68000,
,,,260.600000000000,   3.68000,
,,,260.800000000000,   3.68000,
,,,261.000000000000,   3.76000,
,,,261.200000000000,   3.72000,
,,,261.400000000000,   3.68000,
,,,261.600000000000,   3.68000,
,,,261.800000000000,   3.68000,
,,,262.000000000000,   3.68000,
,,,262.200000000000,   3.68000,
,,,262.400000000000,   3.68000,
,,,262.600000000000,   3.68000,
,,,262.800000000000,   3.68000,
,,,263.000000000000,   3.68000,
,,,263.200000000000,   3.68000,
,,,263.400000000000,   3.68000,
,,,263.600000000000,   3.68000,
,,,263.800000000000,   3.68000,
,,,264.000000000000,   3.68000,
,,,264.200000000000,   3.72000,
,,,264.400000000000,   3.72000,
,,,264.600000000000,   3.72000,
,,,264.800000000000,   3.68000,
,,,265.000000000000,   3.80000,
,,,265.200000000000,   3.72000,
,,,265.400000000000,   3.72000,
,,,265.600000000000,   3.72000,
,,,265.800000000000,   3.68000,
,,,266.000000000000,   3.68000,
,,,266.200000000000,   3.72000,
,,,266.400000000000,   3.72000,
,,,266.600000000000,   3.72000,
,,,266.800000000000,   3.68000,
,,,267.000000000000,   3.72000,
,,,267.200000000000,   3.72000,
,,,267.400000000000,   3.72000,
,,,267.600000000000,   3.68000,
,,,267.800000000000,   3.68000,
,,,268.000000000000,   3.68000,
,,,268.200000000000,   3.68000,
,,,268.400000000000,   3.72000,
,,,268.600000000000,   3.80000,
,,,268.800000000000,   3.68000,
,,,269.000000000000,   3.68000,
,,,269.200000000000,   3.72000,
,,,269.400000000000,   3.72000,
,,,269.600000000000,   3.68000,
,,,269.800000000000,   3.72000,
,,,270.000000000000,   3.72000,
,,,270.200000000000,   3.68000,
,,,270.400000000000,   3.64000,
,,,270.600000000000,   3.68000,
,,,270.800000000000,   3.68000,
,,,271.000000000000,   3.72000,
,,,271.200000000000,   3.68000,
,,,271.400000000000,   3.72000,
,,,271.600000000000,   3.72000,
,,,271.800000000000,   3.76000,
,,,272.000000000000,   3.68000,
,,,272.200000000000,   3.68000,
,,,272.400000000000,   3.68000,
,,,272.600000000000,   3.68000,
,,,272.800000000000,   3.68000,
,,,273.000000000000,   3.68000,
,,,273.200000000000,   3.72000,
,,,273.400000000000,   3.72000,
,,,273.600000000000,   3.72000,
,,,273.800000000000,   3.72000,
,,,274.000000000000,   3.72000,
,,,274.200000000000,   3.68000,
,,,274.400000000000,   3.68000,
,,,274.600000000000,   3.60000,
,,,274.800000000000,   3.72000,
,,,275.000000000000,   3.68000,
,,,275.200000000000,   3.72000,
,,,275.400000000000,   3.68000,
,,,275.600000000000,   3.68000,
,,,275.800000000000,   3.68000,
,,,276.000000000000,   3.72000,
,,,276.200000000000,   3.72000,
,,,276.400000000000,   3.68000,
,,,276.600000000000,   3.72000,
,,,276.800000000000,   3.68000,
,,,277.000000000000,   3.72000,
,,,277.200000000000,   3.72000,
,,,277.400000000000,   3.72000,
,,,277.600000000000,   3.72000,
,,,277.800000000000,   3.76000,
,,,278.000000000000,   3.68000,
,,,278.200000000000,   3.72000,
,,,278.400000000000,   3.68000,
,,,278.600000000000,   3.68000,
,,,278.800000000000,   3.68000,
,,,279.000000000000,   3.68000,
,,,279.200000000000,   3.68000,
,,,279.400000000000,   3.68000,
,,,279.600000000000,   3.68000,
,,,279.800000000000,   3.72000,
,,,280.000000000000,   3.68000,
,,,280.200000000000,   3.72000,
,,,280.400000000000,   3.64000,
,,,280.600000000000,   3.72000,
,,,280.800000000000,   3.72000,
,,,281.000000000000,   3.68000,
,,,281.200000000000,   3.68000,
,,,281.400000000000,   3.72000,
,,,281.600000000000,   3.68000,
,,,281.800000000000,   3.72000,
,,,282.000000000000,   3.72000,
,,,282.200000000000,   3.72000,
,,,282.400000000000,   3.64000,
,,,282.600000000000,   3.76000,
,,,282.800000000000,   3.68000,
,,,283.000000000000,   3.72000,
,,,283.200000000000,   3.64000,
,,,283.400000000000,   3.72000,
,,,283.600000000000,   3.72000,
,,,283.800000000000,   3.72000,
,,,284.000000000000,   3.76000,
,,,284.200000000000,   3.72000,
,,,284.400000000000,   3.68000,
,,,284.600000000000,   3.72000,
,,,284.800000000000,   3.68000,
,,,285.000000000000,   3.72000,
,,,285.200000000000,   3.72000,
,,,285.400000000000,   3.72000,
,,,285.600000000000,   3.72000,
,,,285.800000000000,   3.68000,
,,,286.000000000000,   3.68000,
,,,286.200000000000,   3.76000,
,,,286.400000000000,   3.72000,
,,,286.600000000000,   3.72000,
,,,286.800000000000,   3.68000,
,,,287.000000000000,   3.68000,
,,,287.200000000000,   3.84000,
,,,287.400000000000,   3.68000,
,,,287.600000000000,   3.60000,
,,,287.800000000000,   3.72000,
,,,288.000000000000,   3.72000,
,,,288.200000000000,   3.72000,
,,,288.400000000000,   3.68000,
,,,288.600000000000,   3.72000,
,,,288.800000000000,   3.72000,
,,,289.000000000000,   3.68000,
,,,289.200000000000,   3.72000,
,,,289.400000000000,   3.72000,
,,,289.600000000000,   3.72000,
,,,289.800000000000,   3.72000,
,,,290.000000000000,   3.72000,
,,,290.200000000000,   3.68000,
,,,290.400000000000,   3.72000,
,,,290.600000000000,   3.68000,
,,,290.800000000000,   3.68000,
,,,291.000000000000,   3.68000,
,,,291.200000000000,   3.68000,
,,,291.400000000000,   3.72000,
,,,291.600000000000,   3.72000,
,,,291.800000000000,   3.68000,
,,,292.000000000000,   3.72000,
,,,292.200000000000,   3.68000,
,,,292.400000000000,   3.72000,
,,,292.600000000000,   3.76000,
,,,292.800000000000,   3.68000,
,,,293.000000000000,   3.72000,
,,,293.200000000000,   3.68000,
,,,293.400000000000,   3.72000,
,,,293.600000000000,   3.72000,
,,,293.800000000000,   3.68000,
,,,294.000000000000,   3.72000,
,,,294.200000000000,   3.76000,
,,,294.400000000000,   3.68000,
,,,294.600000000000,   3.64000,
,,,294.800000000000,   3.72000,
,,,295.000000000000,   3.72000,
,,,295.200000000000,   3.72000,
,,,295.400000000000,   3.72000,
,,,295.600000000000,   3.72000,
,,,295.800000000000,   3.68000,
,,,296.000000000000,   3.72000,
,,,296.200000000000,   3.72000,
,,,296.400000000000,   3.72000,
,,,296.600000000000,   3.72000,
,,,296.800000000000,   3.76000,
,,,297.000000000000,   3.72000,
,,,297.200000000000,   3.68000,
,,,297.400000000000,   3.72000,
,,,297.600000000000,   3.68000,
,,,297.800000000000,   3.72000,
,,,298.000000000000,   3.68000,
,,,298.200000000000,   3.72000,
,,,298.400000000000,   3.68000,
,,,298.600000000000,   3.72000,
,,,298.800000000000,   3.72000,
,,,299.000000000000,   3.68000,
,,,299.200000000000,   3.72000,
,,,299.400000000000,   3.68000,
,,,299.600000000000,   3.68000,
,,,299.800000000000,   3.76000,
,,,300.000000000000,   3.72000,
,,,300.200000000000,   3.72000,
,,,300.400000000000,   3.76000,
,,,300.600000000000,   3.68000,
,,,300.800000000000,   3.72000,
,,,301.000000000000,   3.72000,
,,,301.200000000000,   3.72000,
,,,301.400000000000,   3.68000,
,,,301.600000000000,   3.68000,
,,,301.800000000000,   3.72000,
,,,302.000000000000,   3.76000,
,,,302.200000000000,   3.72000,
,,,302.400000000000,   3.72000,
,,,302.600000000000,   3.76000,
,,,302.800000000000,   3.68000,
,,,303.000000000000,   3.72000,
,,,303.200000000000,   3.72000,
,,,303.400000000000,   3.72000,
,,,303.600000000000,   3.68000,
,,,303.800000000000,   3.72000,
,,,304.000000000000,   3.72000,
,,,304.200000000000,   3.72000,
,,,304.400000000000,   3.72000,
,,,304.600000000000,   3.72000,
,,,304.800000000000,   3.76000,
,,,305.000000000000,   3.64000,
,,,305.200000000000,   3.72000,
,,,305.400000000000,   3.68000,
,,,305.600000000000,   3.76000,
,,,305.800000000000,   3.72000,
,,,306.000000000000,   3.72000,
,,,306.200000000000,   3.68000,
,,,306.400000000000,   3.72000,
,,,306.600000000000,   3.68000,
,,,306.800000000000,   3.72000,
,,,307.000000000000,   3.72000,
,,,307.200000000000,   3.72000,
,,,307.400000000000,   3.68000,
,,,307.600000000000,   3.72000,
,,,307.800000000000,   3.72000,
,,,308.000000000000,   3.72000,
,,,308.200000000000,   3.76000,
,,,308.400000000000,   3.72000,
,,,308.600000000000,   3.76000,
,,,308.800000000000,   3.72000,
,,,309.000000000000,   3.72000,
,,,309.200000000000,   3.72000,
,,,309.400000000000,   3.72000,
,,,309.600000000000,   3.68000,
,,,309.800000000000,   3.72000,
,,,310.000000000000,   3.68000,
,,,310.200000000000,   3.72000,
,,,310.400000000000,   3.68000,
,,,310.600000000000,   3.72000,
,,,310.800000000000,   3.72000,
,,,311.000000000000,   3.76000,
,,,311.200000000000,   3.76000,
,,,311.400000000000,   3.76000,
,,,311.600000000000,   3.72000,
,,,311.800000000000,   3.68000,
,,,312.000000000000,   3.76000,
,,,312.200000000000,   3.72000,
,,,312.400000000000,   3.72000,
,,,312.600000000000,   3.72000,
,,,312.800000000000,   3.72000,
,,,313.000000000000,   3.72000,
,,,313.200000000000,   3.72000,
,,,313.400000000000,   3.72000,
,,,313.600000000000,   3.72000,
,,,313.800000000000,   3.72000,
,,,314.000000000000,   3.68000,
,,,314.200000000000,   3.72000,
,,,314.400000000000,   3.72000,
,,,314.600000000000,   3.72000,
,,,314.800000000000,   3.80000,
,,,315.000000000000,   3.68000,
,,,315.200000000000,   3.72000,
,,,315.400000000000,   3.72000,
,,,315.600000000000,   3.64000,
