-0.005,1
-0.004996,1
-0.004992,1
-0.004988,0.8
-0.004984,1
-0.00498,0.8
-0.004976,0.8
-0.004972,0.8
-0.004968,0.8
-0.004964,0.8
-0.00496,0.8
-0.004956,0.8
-0.004952,0.8
-0.004948,0.6
-0.004944,0.8
-0.00494,0.8
-0.004936,0.6
-0.004932,0.8
-0.004928,0.6
-0.004924,0.6
-0.00492,0.6
-0.004916,0.6
-0.004912,0.6
-0.004908,0.4
-0.004904,0.6
-0.0049,0.4
-0.004896,0.6
-0.004892,0.4
-0.004888,0.4
-0.004884,0.6
-0.00488,0.4
-0.004876,0.4
-0.004872,0.4
-0.004868,0.4
-0.004864,0.4
-0.00486,0.4
-0.004856,0.4
-0.004852,0.4
-0.004848,0.2
-0.004844,0.4
-0.00484,0.2
-0.004836,0.2
-0.004832,0.2
-0.004828,0.2
-0.004824,0.2
-0.00482,0.2
-0.004816,0.2
-0.004812,0.2
-0.004808,0.2
-0.004804,0.2
-0.0048,0.2
-0.004796,0.2
-0.004792,0.2
-0.004788,0.2
-0.004784,0.2
-0.00478,0.2
-0.004776,0.2
-0.004772,0.2
-0.004768,0.2
-0.004764,0.2
-0.00476,0.2
-0.004756,0.2
-0.004752,0.2
-0.004748,0
-0.004744,0.2
-0.00474,0
-0.004736,0.2
-0.004732,0.2
-0.004728,0.2
-0.004724,0
-0.00472,0.2
-0.004716,0.2
-0.004712,0
-0.004708,0.2
-0.004704,0
-0.0047,0.2
-0.004696,0.2
-0.004692,0.2
-0.004688,0
-0.004684,0
-0.00468,0
-0.004676,0
-0.004672,0.2
-0.004668,0.2
-0.004664,0
-0.00466,0
-0.004656,0
-0.004652,0
-0.004648,0
-0.004644,0
-0.00464,0
-0.004636,0
-0.004632,0
-0.004628,0
-0.004624,0
-0.00462,0
-0.004616,0
-0.004612,0
-0.004608,0
-0.004604,0
-0.0046,0
-0.004596,0
-0.004592,0
-0.004588,0
-0.004584,0
-0.00458,0
-0.004576,0
-0.004572,0
-0.004568,0
-0.004564,0
-0.00456,0
-0.004556,0
-0.004552,0
-0.004548,0
-0.004544,0
-0.00454,0
-0.004536,0
-0.004532,0
-0.004528,0
-0.004524,0
-0.00452,0
-0.004516,0
-0.004512,0
-0.004508,0
-0.004504,0
-0.0045,0
-0.004496,0
-0.004492,0
-0.004488,0
-0.004484,0
-0.00448,0
-0.004476,0
-0.004472,0
-0.004468,0
-0.004464,0
-0.00446,0
-0.004456,0
-0.004452,0
-0.004448,0
-0.004444,0
-0.00444,0
-0.004436,0
-0.004432,0
-0.004428,-0.2
-0.004424,0
-0.00442,0
-0.004416,0
-0.004412,0
-0.004408,0
-0.004404,0
-0.0044,0
-0.004396,0
-0.004392,0
-0.004388,0
-0.004384,0
-0.00438,0
-0.004376,0
-0.004372,0
-0.004368,0
-0.004364,0
-0.00436,0
-0.004356,0
-0.004352,0
-0.004348,0
-0.004344,0
-0.00434,0
-0.004336,0
-0.004332,0
-0.004328,0
-0.004324,0
-0.00432,0
-0.004316,0
-0.004312,0
-0.004308,0
-0.004304,-0.2
-0.0043,0
-0.004296,0
-0.004292,0
-0.004288,0
-0.004284,0
-0.00428,0
-0.004276,0
-0.004272,0
-0.004268,0
-0.004264,0
-0.00426,0
-0.004256,0
-0.004252,0
-0.004248,0
-0.004244,0
-0.00424,0
-0.004236,0
-0.004232,0
-0.004228,-0.2
-0.004224,0
-0.00422,0
-0.004216,0
-0.004212,0
-0.004208,0
-0.004204,0
-0.0042,0
-0.004196,0
-0.004192,0
-0.004188,0
-0.004184,0
-0.00418,0
-0.004176,0
-0.004172,0
-0.004168,0
-0.004164,0
-0.00416,-0.6
-0.004156,-1.8
-0.004152,-2.4
-0.004148,-2.8
-0.004144,-3
-0.00414,-3.2
-0.004136,-3.2
-0.004132,-3.4
-0.004128,-3.2
-0.004124,-3.2
-0.00412,-3
-0.004116,-3
-0.004112,-3
-0.004108,-3
-0.004104,-2.8
-0.0041,-2.8
-0.004096,-2.8
-0.004092,-2.6
-0.004088,-2.6
-0.004084,-2.4
-0.00408,-2.4
-0.004076,-2.4
-0.004072,-2.2
-0.004068,-2.2
-0.004064,-2.2
-0.00406,-2.2
-0.004056,-2.2
-0.004052,-2.2
-0.004048,-2
-0.004044,-2
-0.00404,-1.8
-0.004036,-1.8
-0.004032,-1.8
-0.004028,-1.8
-0.004024,-1.8
-0.00402,-1.8
-0.004016,-1.6
-0.004012,-1.6
-0.004008,-1.6
-0.004004,-1.6
-0.004,-1.6
-0.003996,-1.6
-0.003992,-1.6
-0.003988,-1.4
-0.003984,-1.4
-0.00398,-1.4
-0.003976,-1.4
-0.003972,-1.2
-0.003968,-1.2
-0.003964,-1.2
-0.00396,-1.2
-0.003956,-1
-0.003952,-1.2
-0.003948,-1
-0.003944,-1
-0.00394,-1
-0.003936,-1
-0.003932,-1
-0.003928,-1
-0.003924,-1
-0.00392,-1
-0.003916,-1
-0.003912,-0.8
-0.003908,-1
-0.003904,-0.8
-0.0039,-0.8
-0.003896,-0.8
-0.003892,-0.8
-0.003888,-0.8
-0.003884,-0.8
-0.00388,-0.8
-0.003876,-0.8
-0.003872,-0.8
-0.003868,-0.8
-0.003864,-0.6
-0.00386,-0.8
-0.003856,-0.8
-0.003852,-0.6
-0.003848,-0.6
-0.003844,-0.6
-0.00384,-0.6
-0.003836,-0.6
-0.003832,-0.6
-0.003828,-0.6
-0.003824,-0.6
-0.00382,-0.6
-0.003816,-0.6
-0.003812,-0.4
-0.003808,-0.6
-0.003804,-0.4
-0.0038,-0.4
-0.003796,-0.4
-0.003792,-0.6
-0.003788,-0.4
-0.003784,-0.4
-0.00378,-0.4
-0.003776,-0.4
-0.003772,-0.4
-0.003768,-0.4
-0.003764,-0.4
-0.00376,-0.4
-0.003756,-0.4
-0.003752,-0.4
-0.003748,-0.4
-0.003744,-0.4
-0.00374,-0.4
-0.003736,-0.2
-0.003732,-0.4
-0.003728,-0.4
-0.003724,-0.4
-0.00372,-0.4
-0.003716,-0.4
-0.003712,-0.4
-0.003708,-0.4
-0.003704,-0.4
-0.0037,-0.4
-0.003696,-0.4
-0.003692,-0.2
-0.003688,-0.2
-0.003684,-0.2
-0.00368,-0.2
-0.003676,-0.2
-0.003672,-0.4
-0.003668,-0.2
-0.003664,-0.2
-0.00366,-0.2
-0.003656,-0.4
-0.003652,-0.2
-0.003648,-0.2
-0.003644,-0.2
-0.00364,-0.2
-0.003636,-0.2
-0.003632,-0.2
-0.003628,-0.2
-0.003624,-0.2
-0.00362,-0.2
-0.003616,-0.2
-0.003612,-0.2
-0.003608,-0.2
-0.003604,-0.2
-0.0036,-0.2
-0.003596,-0.2
-0.003592,-0.2
-0.003588,-0.2
-0.003584,-0.2
-0.00358,-0.2
-0.003576,-0.2
-0.003572,-0.2
-0.003568,-0.2
-0.003564,-0.2
-0.00356,-0.2
-0.003556,-0.2
-0.003552,-0.2
-0.003548,-0.2
-0.003544,-0.2
-0.00354,-0.2
-0.003536,-0.2
-0.003532,-0.2
-0.003528,-0.2
-0.003524,-0.2
-0.00352,-0.2
-0.003516,0
-0.003512,-0.4
-0.003508,-0.2
-0.003504,-0.2
-0.0035,-0.2
-0.003496,-0.2
-0.003492,-0.2
-0.003488,-0.2
-0.003484,-0.2
-0.00348,0
-0.003476,-0.2
-0.003472,-0.2
-0.003468,-0.2
-0.003464,0
-0.00346,-0.2
-0.003456,-0.2
-0.003452,-0.2
-0.003448,-0.2
-0.003444,-0.2
-0.00344,-0.2
-0.003436,-0.2
-0.003432,0
-0.003428,-0.2
-0.003424,-0.2
-0.00342,-0.2
-0.003416,-0.2
-0.003412,-0.2
-0.003408,-0.2
-0.003404,-0.2
-0.0034,-0.2
-0.003396,-0.2
-0.003392,0
-0.003388,-0.2
-0.003384,-0.2
-0.00338,-0.2
-0.003376,-0.2
-0.003372,-0.2
-0.003368,0
-0.003364,-0.2
-0.00336,-0.2
-0.003356,0
-0.003352,-0.2
-0.003348,-0.2
-0.003344,-0.2
-0.00334,0
-0.003336,-0.2
-0.003332,0
-0.003328,0
-0.003324,-0.2
-0.00332,0
-0.003316,-0.2
-0.003312,0
-0.003308,-0.2
-0.003304,-0.2
-0.0033,-0.2
-0.003296,-0.2
-0.003292,-0.2
-0.003288,-0.2
-0.003284,-0.2
-0.00328,-0.2
-0.003276,-0.2
-0.003272,-0.2
-0.003268,-0.2
-0.003264,-0.2
-0.00326,0
-0.003256,-0.2
-0.003252,0
-0.003248,-0.2
-0.003244,0
-0.00324,-0.2
-0.003236,-0.2
-0.003232,-0.2
-0.003228,-0.2
-0.003224,-0.2
-0.00322,-0.2
-0.003216,0
-0.003212,-0.2
-0.003208,0
-0.003204,0
-0.0032,0
-0.003196,-0.2
-0.003192,-0.2
-0.003188,-0.2
-0.003184,-0.2
-0.00318,-0.2
-0.003176,0
-0.003172,-0.2
-0.003168,-0.2
-0.003164,0
-0.00316,0
-0.003156,-0.2
-0.003152,0
-0.003148,0
-0.003144,0
-0.00314,-0.2
-0.003136,0
-0.003132,0
-0.003128,-0.2
-0.003124,0
-0.00312,0
-0.003116,0.6
-0.003112,1.8
-0.003108,2.4
-0.003104,2.6
-0.0031,2.8
-0.003096,3
-0.003092,3
-0.003088,3
-0.003084,3
-0.00308,3
-0.003076,3
-0.003072,3
-0.003068,2.8
-0.003064,2.8
-0.00306,2.6
-0.003056,2.6
-0.003052,2.6
-0.003048,2.4
-0.003044,2.4
-0.00304,2.4
-0.003036,2.2
-0.003032,2.2
-0.003028,2.2
-0.003024,2
-0.00302,2.2
-0.003016,2
-0.003012,2
-0.003008,1.8
-0.003004,1.8
-0.003,1.8
-0.002996,1.8
-0.002992,1.8
-0.002988,1.6
-0.002984,1.6
-0.00298,1.4
-0.002976,1.4
-0.002972,1.4
-0.002968,1.4
-0.002964,1.4
-0.00296,1.4
-0.002956,1.4
-0.002952,1.4
-0.002948,1.4
-0.002944,1.2
-0.00294,1.2
-0.002936,1.2
-0.002932,1.2
-0.002928,1.2
-0.002924,1
-0.00292,0.8
-0.002916,1.2
-0.002912,1
-0.002908,0.8
-0.002904,0.8
-0.0029,0.8
-0.002896,1
-0.002892,0.8
-0.002888,0.8
-0.002884,0.8
-0.00288,0.8
-0.002876,0.8
-0.002872,0.8
-0.002868,0.8
-0.002864,0.8
-0.00286,0.6
-0.002856,0.6
-0.002852,0.6
-0.002848,0.6
-0.002844,0.8
-0.00284,0.6
-0.002836,0.6
-0.002832,0.6
-0.002828,0.4
-0.002824,0.4
-0.00282,0.6
-0.002816,0.4
-0.002812,0.6
-0.002808,0.4
-0.002804,0.4
-0.0028,0.4
-0.002796,0.4
-0.002792,0.4
-0.002788,0.4
-0.002784,0.4
-0.00278,0.4
-0.002776,0.4
-0.002772,0.4
-0.002768,0.2
-0.002764,0.2
-0.00276,0.2
-0.002756,0.2
-0.002752,0.2
-0.002748,0.4
-0.002744,0.2
-0.00274,0.2
-0.002736,0.2
-0.002732,0.2
-0.002728,0.2
-0.002724,0.2
-0.00272,0.2
-0.002716,0.2
-0.002712,0.2
-0.002708,0.2
-0.002704,0.2
-0.0027,0.2
-0.002696,0.2
-0.002692,0.2
-0.002688,0.2
-0.002684,0.2
-0.00268,0.2
-0.002676,0.2
-0.002672,0.2
-0.002668,0.2
-0.002664,0.2
-0.00266,0
-0.002656,0.2
-0.002652,0
-0.002648,0.2
-0.002644,0
-0.00264,0.2
-0.002636,0
-0.002632,0.2
-0.002628,0
-0.002624,0
-0.00262,0.2
-0.002616,0.2
-0.002612,0.2
-0.002608,0
-0.002604,0
-0.0026,0
-0.002596,0
-0.002592,0
-0.002588,0
-0.002584,0.2
-0.00258,0
-0.002576,0
-0.002572,0
-0.002568,0.2
-0.002564,0
-0.00256,0
-0.002556,0
-0.002552,0
-0.002548,0
-0.002544,0
-0.00254,0
-0.002536,0
-0.002532,0
-0.002528,0
-0.002524,0
-0.00252,0
-0.002516,0
-0.002512,0
-0.002508,0
-0.002504,0
-0.0025,0
-0.002496,0
-0.002492,0
-0.002488,0
-0.002484,0
-0.00248,0
-0.002476,0
-0.002472,0
-0.002468,0
-0.002464,0
-0.00246,0
-0.002456,0
-0.002452,0
-0.002448,0
-0.002444,0
-0.00244,0
-0.002436,0
-0.002432,0
-0.002428,0
-0.002424,0
-0.00242,0
-0.002416,0
-0.002412,0
-0.002408,0
-0.002404,0
-0.0024,0
-0.002396,0
-0.002392,0
-0.002388,0
-0.002384,0
-0.00238,0
-0.002376,0
-0.002372,0
-0.002368,0
-0.002364,0
-0.00236,0
-0.002356,0
-0.002352,0
-0.002348,0
-0.002344,0
-0.00234,0
-0.002336,0
-0.002332,0
-0.002328,0
-0.002324,0
-0.00232,0
-0.002316,0
-0.002312,0
-0.002308,0
-0.002304,0
-0.0023,0
-0.002296,0
-0.002292,0
-0.002288,0
-0.002284,0
-0.00228,0
-0.002276,0
-0.002272,0
-0.002268,0
-0.002264,0
-0.00226,0
-0.002256,0
-0.002252,0
-0.002248,0
-0.002244,0
-0.00224,0
-0.002236,0
-0.002232,0
-0.002228,0
-0.002224,0
-0.00222,0
-0.002216,0
-0.002212,0
-0.002208,0
-0.002204,-0.2
-0.0022,0
-0.002196,0
-0.002192,0
-0.002188,0
-0.002184,0
-0.00218,0
-0.002176,0
-0.002172,0
-0.002168,0
-0.002164,0
-0.00216,0
-0.002156,0
-0.002152,0
-0.002148,0
-0.002144,0
-0.00214,0
-0.002136,0
-0.002132,-0.2
-0.002128,0
-0.002124,0
-0.00212,0
-0.002116,0
-0.002112,0
-0.002108,0
-0.002104,0
-0.0021,0
-0.002096,0
-0.002092,0
-0.002088,0
-0.002084,0
-0.00208,0
-0.002076,-1
-0.002072,-2
-0.002068,-2.4
-0.002064,-2.8
-0.00206,-3
-0.002056,-3.2
-0.002052,-3.4
-0.002048,-3.2
-0.002044,-3.2
-0.00204,-3.2
-0.002036,-3.2
-0.002032,-3
-0.002028,-3
-0.002024,-2.8
-0.00202,-2.8
-0.002016,-2.8
-0.002012,-2.6
-0.002008,-2.6
-0.002004,-2.6
-0.002,-2.4
-0.001996,-2.4
-0.001992,-2.4
-0.001988,-2.4
-0.001984,-2.4
-0.00198,-2.2
-0.001976,-2.2
-0.001972,-2
-0.001968,-2
-0.001964,-2
-0.00196,-2
-0.001956,-1.8
-0.001952,-2
-0.001948,-1.8
-0.001944,-1.8
-0.00194,-1.8
-0.001936,-1.8
-0.001932,-1.6
-0.001928,-1.6
-0.001924,-1.6
-0.00192,-1.6
-0.001916,-1.6
-0.001912,-1.6
-0.001908,-1.4
-0.001904,-1.4
-0.0019,-1.4
-0.001896,-1.4
-0.001892,-1.2
-0.001888,-1.4
-0.001884,-1.2
-0.00188,-1.2
-0.001876,-1
-0.001872,-1.2
-0.001868,-1.2
-0.001864,-1.2
-0.00186,-1
-0.001856,-1
-0.001852,-1
-0.001848,-1
-0.001844,-1
-0.00184,-1
-0.001836,-1
-0.001832,-1
-0.001828,-1
-0.001824,-1
-0.00182,-1
-0.001816,-0.8
-0.001812,-0.8
-0.001808,-0.8
-0.001804,-0.8
-0.0018,-0.8
-0.001796,-0.8
-0.001792,-0.8
-0.001788,-0.8
-0.001784,-0.6
-0.00178,-0.8
-0.001776,-0.8
-0.001772,-0.6
-0.001768,-0.6
-0.001764,-0.6
-0.00176,-0.6
-0.001756,-0.6
-0.001752,-0.6
-0.001748,-0.6
-0.001744,-0.6
-0.00174,-0.6
-0.001736,-0.4
-0.001732,-0.6
-0.001728,-0.4
-0.001724,-0.4
-0.00172,-0.4
-0.001716,-0.4
-0.001712,-0.4
-0.001708,-0.4
-0.001704,-0.4
-0.0017,-0.4
-0.001696,-0.4
-0.001692,-0.4
-0.001688,-0.4
-0.001684,-0.4
-0.00168,-0.4
-0.001676,-0.4
-0.001672,-0.4
-0.001668,-0.4
-0.001664,-0.4
-0.00166,-0.4
-0.001656,-0.4
-0.001652,-0.4
-0.001648,-0.4
-0.001644,-0.4
-0.00164,-0.4
-0.001636,-0.4
-0.001632,-0.4
-0.001628,-0.4
-0.001624,-0.4
-0.00162,-0.4
-0.001616,-0.4
-0.001612,-0.4
-0.001608,-0.4
-0.001604,-0.4
-0.0016,-0.4
-0.001596,-0.2
-0.001592,-0.4
-0.001588,-0.4
-0.001584,-0.2
-0.00158,-0.4
-0.001576,-0.4
-0.001572,-0.4
-0.001568,-0.2
-0.001564,-0.4
-0.00156,-0.2
-0.001556,-0.2
-0.001552,-0.2
-0.001548,-0.2
-0.001544,-0.2
-0.00154,-0.2
-0.001536,-0.2
-0.001532,-0.2
-0.001528,-0.2
-0.001524,-0.2
-0.00152,-0.2
-0.001516,-0.2
-0.001512,-0.2
-0.001508,-0.4
-0.001504,-0.2
-0.0015,-0.2
-0.001496,-0.2
-0.001492,-0.2
-0.001488,-0.2
-0.001484,-0.2
-0.00148,-0.2
-0.001476,-0.2
-0.001472,-0.2
-0.001468,-0.2
-0.001464,-0.2
-0.00146,-0.2
-0.001456,-0.2
-0.001452,-0.2
-0.001448,-0.2
-0.001444,-0.2
-0.00144,-0.2
-0.001436,-0.2
-0.001432,-0.2
-0.001428,-0.2
-0.001424,-0.2
-0.00142,-0.2
-0.001416,-0.2
-0.001412,-0.2
-0.001408,-0.2
-0.001404,-0.2
-0.0014,-0.2
-0.001396,-0.2
-0.001392,-0.2
-0.001388,-0.2
-0.001384,-0.2
-0.00138,-0.2
-0.001376,-0.2
-0.001372,0
-0.001368,-0.2
-0.001364,-0.2
-0.00136,0
-0.001356,-0.2
-0.001352,-0.2
-0.001348,0
-0.001344,-0.2
-0.00134,-0.2
-0.001336,-0.2
-0.001332,-0.2
-0.001328,-0.2
-0.001324,-0.2
-0.00132,-0.2
-0.001316,-0.4
-0.001312,-0.2
-0.001308,-0.2
-0.001304,0
-0.0013,-0.2
-0.001296,-0.2
-0.001292,0
-0.001288,-0.2
-0.001284,-0.2
-0.00128,-0.2
-0.001276,-0.2
-0.001272,-0.2
-0.001268,-0.2
-0.001264,-0.2
-0.00126,-0.2
-0.001256,-0.2
-0.001252,-0.2
-0.001248,-0.2
-0.001244,-0.2
-0.00124,-0.2
-0.001236,0
-0.001232,-0.2
-0.001228,-0.2
-0.001224,-0.2
-0.00122,-0.2
-0.001216,-0.2
-0.001212,-0.2
-0.001208,-0.2
-0.001204,-0.2
-0.0012,-0.2
-0.001196,-0.2
-0.001192,-0.2
-0.001188,-0.2
-0.001184,-0.2
-0.00118,0
-0.001176,0
-0.001172,-0.2
-0.001168,-0.2
-0.001164,-0.2
-0.00116,-0.2
-0.001156,-0.2
-0.001152,0
-0.001148,-0.2
-0.001144,0
-0.00114,-0.2
-0.001136,-0.2
-0.001132,0
-0.001128,-0.2
-0.001124,0
-0.00112,-0.2
-0.001116,-0.2
-0.001112,-0.2
-0.001108,-0.2
-0.001104,-0.2
-0.0011,-0.2
-0.001096,-0.2
-0.001092,-0.2
-0.001088,0
-0.001084,-0.2
-0.00108,-0.2
-0.001076,-0.2
-0.001072,0
-0.001068,0
-0.001064,0
-0.00106,-0.2
-0.001056,-0.2
-0.001052,-0.2
-0.001048,-0.2
-0.001044,-0.2
-0.00104,-0.2
-0.001036,-0.2
-0.001032,0.8
-0.001028,1.8
-0.001024,2.2
-0.00102,2.6
-0.001016,2.8
-0.001012,3
-0.001008,3
-0.001004,3
-0.001,3
-0.000996,3
-0.000992,3
-0.000988,2.8
-0.000984,2.8
-0.00098,2.8
-0.000976,2.6
-0.000972,2.6
-0.000968,2.4
-0.000964,2.4
-0.00096,2.6
-0.000956,2.4
-0.000952,2.2
-0.000948,2.2
-0.000944,2.2
-0.00094,2
-0.000936,2
-0.000932,2
-0.000928,2
-0.000924,1.8
-0.00092,1.8
-0.000916,1.8
-0.000912,1.8
-0.000908,1.8
-0.000904,1.6
-0.0009,1.6
-0.000896,1.6
-0.000892,1.4
-0.000888,1.4
-0.000884,1.4
-0.00088,1.4
-0.000876,1.4
-0.000872,1.4
-0.000868,1.4
-0.000864,1.2
-0.00086,1.2
-0.000856,1.2
-0.000852,1.2
-0.000848,1
-0.000844,1
-0.00084,1.2
-0.000836,1
-0.000832,1
-0.000828,1
-0.000824,1
-0.00082,1
-0.000816,0.8
-0.000812,0.8
-0.000808,0.8
-0.000804,0.8
-0.0008,0.8
-0.000796,0.8
-0.000792,0.8
-0.000788,0.8
-0.000784,0.8
-0.00078,0.6
-0.000776,0.8
-0.000772,0.6
-0.000768,0.6
-0.000764,0.6
-0.00076,0.6
-0.000756,0.6
-0.000752,0.6
-0.000748,0.4
-0.000744,0.6
-0.00074,0.4
-0.000736,0.6
-0.000732,0.4
-0.000728,0.4
-0.000724,0.4
-0.00072,0.4
-0.000716,0.4
-0.000712,0.4
-0.000708,0.4
-0.000704,0.4
-0.0007,0.2
-0.000696,0.4
-0.000692,0.4
-0.000688,0.4
-0.000684,0.4
-0.00068,0.2
-0.000676,0.2
-0.000672,0.2
-0.000668,0.2
-0.000664,0.4
-0.00066,0.2
-0.000656,0.2
-0.000652,0.2
-0.000648,0.2
-0.000644,0.2
-0.00064,0.2
-0.000636,0.2
-0.000632,0.2
-0.000628,0.2
-0.000624,0.2
-0.00062,0.2
-0.000616,0.2
-0.000612,0.2
-0.000608,0.2
-0.000604,0.2
-0.0006,0.2
-0.000596,0.2
-0.000592,0.2
-0.000588,0.2
-0.000584,0.2
-0.00058,0.2
-0.000576,0.2
-0.000572,0.2
-0.000568,0.2
-0.000564,0.2
-0.00056,0.2
-0.000556,0.2
-0.000552,0.2
-0.000548,0.2
-0.000544,0.2
-0.00054,0
-0.000536,0.2
-0.000532,0
-0.000528,0.2
-0.000524,0
-0.00052,0
-0.000516,0
-0.000512,0.2
-0.000508,0.2
-0.000504,0.2
-0.0005,0
-0.000496,0
-0.000492,0
-0.000488,0
-0.000484,0
-0.00048,0
-0.000476,0
-0.000472,0
-0.000468,0
-0.000464,0
-0.00046,0.2
-0.000456,0
-0.000452,0
-0.000448,0
-0.000444,0
-0.00044,0
-0.000436,0
-0.000432,0
-0.000428,0
-0.000424,0
-0.00042,0
-0.000416,0
-0.000412,0
-0.000408,0
-0.000404,0
-0.0004,0
-0.000396,0
-0.000392,0
-0.000388,0
-0.000384,0
-0.00038,0
-0.000376,0
-0.000372,0
-0.000368,0
-0.000364,0
-0.00036,0
-0.000356,0
-0.000352,0
-0.000348,0
-0.000344,0
-0.00034,0
-0.000336,0
-0.000332,0
-0.000328,0
-0.000324,0
-0.00032,0
-0.000316,0
-0.000312,0
-0.000308,0
-0.000304,0
-0.0003,0
-0.000296,0
-0.000292,0
-0.000288,0
-0.000284,0
-0.00028,0
-0.000276,0
-0.000272,0
-0.000268,0
-0.000264,0
-0.00026,0
-0.000256,0
-0.000252,0
-0.000248,0
-0.000244,0
-0.00024,0
-0.000236,0
-0.000232,0
-0.000228,0
-0.000224,0
-0.00022,0
-0.000216,0
-0.000212,0
-0.000208,0
-0.000204,-0.2
-0.0002,0
-0.000196,-0.2
-0.000192,0
-0.000188,0
-0.000184,0
-0.00018,0
-0.000176,0
-0.000172,0
-0.000168,0
-0.000164,0
-0.00016,0
-0.000156,0
-0.000152,0
-0.000148,0
-0.000144,0
-0.00014,-0.2
-0.000136,0
-0.000132,0
-0.000128,0
-0.000124,0
-0.00012,0
-0.000116,0
-0.000112,0
-0.000108,0
-0.000104,0
-0.0001,0
-0.000096,0
-0.000092,0
-0.000088,0
-0.000084,0
-0.00008,0
-0.000076,0
-0.000072,0
-0.000068,0
-0.000064,0
-0.00006,0
-0.000056,0
-0.000052,0
-0.000048,0
-0.000044,0
-0.00004,0
-0.000036,0
-0.000032,0
-0.000028,0
-0.000024,0
-0.00002,0
-0.000016,0
-0.000012,0
-0.000008,0
-0.000004,0
0,0
0.000004,0
0.000008,-1.2
0.000012,-2.2
0.000016,-2.6
0.00002,-3
0.000024,-3
0.000028,-3.2
0.000032,-3.2
0.000036,-3.2
0.00004,-3.2
0.000044,-3.2
0.000048,-3
0.000052,-3
0.000056,-3
0.00006,-3
0.000064,-2.8
0.000068,-2.8
0.000072,-2.6
0.000076,-2.6
0.00008,-2.6
0.000084,-2.4
0.000088,-2.4
0.000092,-2.4
0.000096,-2.4
0.0001,-2.2
0.000104,-2.2
0.000108,-2.2
0.000112,-2.2
0.000116,-2
0.00012,-2
0.000124,-2
0.000128,-1.8
0.000132,-1.8
0.000136,-1.8
0.00014,-1.8
0.000144,-1.8
0.000148,-1.6
0.000152,-1.6
0.000156,-1.6
0.00016,-1.6
0.000164,-1.4
0.000168,-1.6
0.000172,-1.6
0.000176,-1.4
0.00018,-1.4
0.000184,-1.4
0.000188,-1.4
0.000192,-1.2
0.000196,-1.2
0.0002,-1.2
0.000204,-1.2
0.000208,-1.2
0.000212,-1.2
0.000216,-1
0.00022,-1.2
0.000224,-1
0.000228,-1
0.000232,-1
0.000236,-1
0.00024,-1
0.000244,-1
0.000248,-1
0.000252,-0.8
0.000256,-0.8
0.00026,-1
0.000264,-0.8
0.000268,-0.8
0.000272,-0.8
0.000276,-0.8
0.00028,-0.8
0.000284,-0.8
0.000288,-0.8
0.000292,-0.8
0.000296,-0.6
0.0003,-0.6
0.000304,-0.6
0.000308,-0.6
0.000312,-0.6
0.000316,-0.6
0.00032,-0.6
0.000324,-0.6
0.000328,-0.6
0.000332,-0.6
0.000336,-0.6
0.00034,-0.4
0.000344,-0.6
0.000348,-0.4
0.000352,-0.6
0.000356,-0.6
0.00036,-0.6
0.000364,-0.4
0.000368,-0.6
0.000372,-0.4
0.000376,-0.4
0.00038,-0.6
0.000384,-0.4
0.000388,-0.4
0.000392,-0.4
0.000396,-0.4
0.0004,-0.4
0.000404,-0.4
0.000408,-0.4
0.000412,-0.4
0.000416,-0.4
0.00042,-0.4
0.000424,-0.4
0.000428,-0.4
0.000432,-0.4
0.000436,-0.4
0.00044,-0.4
0.000444,-0.4
0.000448,-0.4
0.000452,-0.4
0.000456,-0.2
0.00046,-0.4
0.000464,-0.4
0.000468,-0.2
0.000472,-0.4
0.000476,-0.4
0.00048,-0.4
0.000484,-0.4
0.000488,-0.2
0.000492,-0.4
0.000496,-0.2
0.0005,-0.4
0.000504,-0.4
0.000508,-0.2
0.000512,-0.2
0.000516,-0.4
0.00052,-0.2
0.000524,-0.2
0.000528,-0.2
0.000532,-0.2
0.000536,-0.2
0.00054,-0.2
0.000544,-0.2
0.000548,-0.2
0.000552,-0.2
0.000556,-0.2
0.00056,-0.2
0.000564,-0.2
0.000568,-0.2
0.000572,-0.2
0.000576,-0.2
0.00058,-0.2
0.000584,-0.2
0.000588,-0.2
0.000592,-0.2
0.000596,-0.4
0.0006,-0.2
0.000604,-0.2
0.000608,-0.2
0.000612,-0.2
0.000616,-0.2
0.00062,-0.2
0.000624,-0.2
0.000628,-0.2
0.000632,-0.2
0.000636,-0.2
0.00064,-0.2
0.000644,-0.2
0.000648,-0.2
0.000652,-0.2
0.000656,-0.2
0.00066,-0.2
0.000664,-0.2
0.000668,-0.2
0.000672,-0.2
0.000676,-0.2
0.00068,0
0.000684,-0.2
0.000688,-0.2
0.000692,-0.2
0.000696,0
0.0007,-0.2
0.000704,-0.2
0.000708,0
0.000712,-0.2
0.000716,-0.2
0.00072,-0.2
0.000724,-0.2
0.000728,-0.2
0.000732,-0.2
0.000736,-0.2
0.00074,-0.2
0.000744,0
0.000748,-0.2
0.000752,0
0.000756,-0.2
0.00076,-0.2
0.000764,-0.2
0.000768,-0.2
0.000772,-0.2
0.000776,0
0.00078,-0.2
0.000784,-0.2
0.000788,-0.2
0.000792,-0.2
0.000796,-0.2
0.0008,0
0.000804,-0.2
0.000808,-0.2
0.000812,-0.2
0.000816,-0.2
0.00082,-0.2
0.000824,-0.2
0.000828,-0.2
0.000832,-0.2
0.000836,0
0.00084,0
0.000844,-0.2
0.000848,0
0.000852,-0.2
0.000856,0
0.00086,0
0.000864,-0.2
0.000868,-0.2
0.000872,-0.2
0.000876,-0.2
0.00088,-0.2
0.000884,-0.2
0.000888,-0.2
0.000892,-0.2
0.000896,-0.2
0.0009,-0.2
0.000904,-0.2
0.000908,0
0.000912,-0.2
0.000916,-0.2
0.00092,0
0.000924,-0.2
0.000928,0
0.000932,-0.2
0.000936,0
0.00094,-0.2
0.000944,-0.2
0.000948,-0.2
0.000952,0
0.000956,-0.2
0.00096,-0.2
0.000964,-0.2
0.000968,-0.2
0.000972,-0.2
0.000976,-0.2
0.00098,0
0.000984,0
0.000988,-0.2
0.000992,-0.2
0.000996,-0.2
0.001,-0.2
0.001004,-0.2
0.001008,-0.2
0.001012,0
0.001016,-0.2
0.00102,0
0.001024,-0.2
0.001028,-0.2
0.001032,0
0.001036,0
0.00104,0
0.001044,-0.2
0.001048,0
0.001052,1
0.001056,1.8
0.00106,2.4
0.001064,2.8
0.001068,3
0.001072,3
0.001076,3.2
0.00108,3
0.001084,3
0.001088,3
0.001092,3
0.001096,3
0.0011,2.6
0.001104,2.8
0.001108,2.6
0.001112,2.6
0.001116,2.6
0.00112,2.4
0.001124,2.4
0.001128,2.4
0.001132,2.2
0.001136,2.2
0.00114,2
0.001144,2
0.001148,2
0.001152,2
0.001156,2
0.00116,1.8
0.001164,1.8
0.001168,1.8
0.001172,1.6
0.001176,1.6
0.00118,1.6
0.001184,1.6
0.001188,1.6
0.001192,1.6
0.001196,1.4
0.0012,1.4
0.001204,1.4
0.001208,1.2
0.001212,1.4
0.001216,1.4
0.00122,1.2
0.001224,1.2
0.001228,1.2
0.001232,1
0.001236,1.2
0.00124,1
0.001244,1
0.001248,1
0.001252,1
0.001256,1
0.00126,0.8
0.001264,1
0.001268,0.8
0.001272,1
0.001276,0.8
0.00128,0.8
0.001284,0.8
0.001288,0.8
0.001292,0.8
0.001296,0.8
0.0013,0.8
0.001304,0.8
0.001308,0.6
0.001312,0.6
0.001316,0.6
0.00132,0.6
0.001324,0.6
0.001328,0.6
0.001332,0.6
0.001336,0.6
0.00134,0.6
0.001344,0.4
0.001348,0.6
0.001352,0.4
0.001356,0.6
0.00136,0.4
0.001364,0.4
0.001368,0.4
0.001372,0.4
0.001376,0.4
0.00138,0.4
0.001384,0.4
0.001388,0.4
0.001392,0.4
0.001396,0.4
0.0014,0.4
0.001404,0.2
0.001408,0.2
0.001412,0.4
0.001416,0.2
0.00142,0.2
0.001424,0.2
0.001428,0.2
0.001432,0.2
0.001436,0.2
0.00144,0.2
0.001444,0.2
0.001448,0.2
0.001452,0.2
0.001456,0.2
0.00146,0.2
0.001464,0.2
0.001468,0.2
0.001472,0.2
0.001476,0.2
0.00148,0.2
0.001484,0.2
0.001488,0.2
0.001492,0.2
0.001496,0.2
0.0015,0.2
0.001504,0.2
0.001508,0.2
0.001512,0
0.001516,0
0.00152,0.2
0.001524,0.2
0.001528,0.2
0.001532,0
0.001536,0
0.00154,0.2
0.001544,0
0.001548,0.2
0.001552,0
0.001556,0.2
0.00156,0.2
0.001564,0.2
0.001568,0.2
0.001572,0
0.001576,0
0.00158,0.2
0.001584,0
0.001588,0
0.001592,0.2
0.001596,0
0.0016,0
0.001604,0
0.001608,0
0.001612,0
0.001616,0
0.00162,0
0.001624,0
0.001628,0
0.001632,0
0.001636,0
0.00164,0
0.001644,0
0.001648,0
0.001652,0
0.001656,0
0.00166,0
0.001664,0
0.001668,0
0.001672,0
0.001676,0
0.00168,0
0.001684,0
0.001688,0
0.001692,0
0.001696,0
0.0017,0
0.001704,0
0.001708,0
0.001712,0
0.001716,0
0.00172,0
0.001724,0
0.001728,0
0.001732,0
0.001736,0
0.00174,0
0.001744,0
0.001748,0
0.001752,0
0.001756,0
0.00176,0
0.001764,0
0.001768,0
0.001772,0
0.001776,0
0.00178,0
0.001784,0
0.001788,0
0.001792,0
0.001796,0
0.0018,0
0.001804,0
0.001808,0
0.001812,0
0.001816,0
0.00182,0
0.001824,0
0.001828,0
0.001832,0
0.001836,0
0.00184,0
0.001844,0
0.001848,0
0.001852,0
0.001856,0
0.00186,0
0.001864,0
0.001868,0
0.001872,0
0.001876,0
0.00188,0
0.001884,0
0.001888,0
0.001892,0
0.001896,0
0.0019,0
0.001904,0
0.001908,0
0.001912,0
0.001916,0
0.00192,0
0.001924,0
0.001928,0
0.001932,0
0.001936,0
0.00194,0
0.001944,0
0.001948,0
0.001952,0
0.001956,0
0.00196,0
0.001964,0
0.001968,0
0.001972,0
0.001976,0
0.00198,0
0.001984,0
0.001988,0
0.001992,0
0.001996,0
0.002,0
0.002004,0
0.002008,0
0.002012,0
0.002016,0
0.00202,0
0.002024,0
0.002028,0
0.002032,0
0.002036,0
0.00204,0
0.002044,0
0.002048,0
0.002052,0
0.002056,0
0.00206,0
0.002064,0
0.002068,0
0.002072,0
0.002076,0
0.00208,0
0.002084,0
0.002088,0
0.002092,-1.2
0.002096,-2.2
0.0021,-2.6
0.002104,-3
0.002108,-3
0.002112,-3.2
0.002116,-3.2
0.00212,-3.2
0.002124,-3.2
0.002128,-3.2
0.002132,-3
0.002136,-3
0.00214,-3
0.002144,-2.8
0.002148,-2.8
0.002152,-2.8
0.002156,-2.8
0.00216,-2.6
0.002164,-2.6
0.002168,-2.6
0.002172,-2.4
0.002176,-2.2
0.00218,-2.2
0.002184,-2.2
0.002188,-2.2
0.002192,-2.2
0.002196,-2
0.0022,-2
0.002204,-2
0.002208,-2
0.002212,-1.8
0.002216,-1.8
0.00222,-1.8
0.002224,-1.8
0.002228,-1.6
0.002232,-1.6
0.002236,-1.6
0.00224,-1.6
0.002244,-1.6
0.002248,-1.6
0.002252,-1.6
0.002256,-1.6
0.00226,-1.6
0.002264,-1.4
0.002268,-1.4
0.002272,-1.4
0.002276,-1.4
0.00228,-1.2
0.002284,-1.2
0.002288,-1.2
0.002292,-1.2
0.002296,-1
0.0023,-1.2
0.002304,-1.2
0.002308,-1
0.002312,-1
0.002316,-1
0.00232,-1
0.002324,-1
0.002328,-1
0.002332,-1
0.002336,-1
0.00234,-0.8
0.002344,-1
0.002348,-0.8
0.002352,-1
0.002356,-0.8
0.00236,-0.8
0.002364,-0.8
0.002368,-0.8
0.002372,-0.8
0.002376,-0.8
0.00238,-0.6
0.002384,-0.6
0.002388,-0.6
0.002392,-0.6
0.002396,-0.6
0.0024,-0.8
0.002404,-0.6
0.002408,-0.6
0.002412,-0.4
0.002416,-0.6
0.00242,-0.6
0.002424,-0.6
0.002428,-0.6
0.002432,-0.4
0.002436,-0.4
0.00244,-0.6
0.002444,-0.6
0.002448,-0.4
0.002452,-0.4
0.002456,-0.6
0.00246,-0.4
0.002464,-0.6
0.002468,-0.4
0.002472,-0.4
0.002476,-0.4
0.00248,-0.4
0.002484,-0.4
0.002488,-0.4
0.002492,-0.4
0.002496,-0.4
0.0025,-0.4
0.002504,-0.4
0.002508,-0.4
0.002512,-0.4
0.002516,-0.4
0.00252,-0.4
0.002524,-0.4
0.002528,-0.4
0.002532,-0.4
0.002536,-0.4
0.00254,-0.4
0.002544,-0.4
0.002548,-0.4
0.002552,-0.4
0.002556,-0.2
0.00256,-0.2
0.002564,-0.4
0.002568,-0.2
0.002572,-0.4
0.002576,-0.2
0.00258,-0.2
0.002584,-0.2
0.002588,-0.4
0.002592,-0.2
0.002596,-0.2
0.0026,-0.4
0.002604,-0.4
0.002608,-0.2
0.002612,-0.2
0.002616,-0.2
0.00262,-0.2
0.002624,-0.2
0.002628,-0.2
0.002632,-0.2
0.002636,-0.2
0.00264,-0.2
0.002644,-0.2
0.002648,-0.2
0.002652,-0.2
0.002656,-0.2
0.00266,-0.2
0.002664,-0.2
0.002668,-0.2
0.002672,-0.2
0.002676,-0.2
0.00268,-0.2
0.002684,-0.2
0.002688,-0.2
0.002692,-0.2
0.002696,-0.2
0.0027,-0.2
0.002704,-0.2
0.002708,-0.2
0.002712,-0.2
0.002716,-0.2
0.00272,-0.2
0.002724,-0.2
0.002728,-0.2
0.002732,-0.2
0.002736,-0.2
0.00274,-0.2
0.002744,-0.2
0.002748,-0.2
0.002752,0
0.002756,-0.2
0.00276,0
0.002764,-0.2
0.002768,-0.2
0.002772,-0.2
0.002776,-0.2
0.00278,-0.2
0.002784,0
0.002788,-0.2
0.002792,-0.2
0.002796,-0.2
0.0028,0
0.002804,-0.2
0.002808,-0.2
0.002812,-0.2
0.002816,-0.2
0.00282,-0.2
0.002824,0
0.002828,-0.2
0.002832,-0.2
0.002836,-0.2
0.00284,-0.2
0.002844,-0.2
0.002848,-0.2
0.002852,0
0.002856,-0.2
0.00286,-0.2
0.002864,-0.2
0.002868,-0.2
0.002872,-0.2
0.002876,-0.2
0.00288,-0.2
0.002884,-0.2
0.002888,-0.2
0.002892,-0.2
0.002896,-0.2
0.0029,-0.2
0.002904,-0.2
0.002908,0
0.002912,0
0.002916,-0.2
0.00292,-0.2
0.002924,-0.2
0.002928,-0.2
0.002932,-0.2
0.002936,-0.2
0.00294,-0.2
0.002944,-0.2
0.002948,0
0.002952,-0.2
0.002956,0
0.00296,-0.2
0.002964,-0.2
0.002968,0
0.002972,-0.2
0.002976,0
0.00298,-0.2
0.002984,-0.2
0.002988,-0.2
0.002992,-0.2
0.002996,-0.2
0.003,-0.2
0.003004,-0.2
0.003008,-0.2
0.003012,-0.2
0.003016,0
0.00302,-0.2
0.003024,-0.2
0.003028,-0.2
0.003032,-0.2
0.003036,0
0.00304,-0.2
0.003044,0
0.003048,0
0.003052,-0.2
0.003056,0
0.00306,-0.2
0.003064,0
0.003068,-0.2
0.003072,0
0.003076,-0.2
0.00308,-0.2
0.003084,0
0.003088,-0.2
0.003092,0
0.003096,0
0.0031,0
0.003104,0
0.003108,-0.2
0.003112,0
0.003116,-0.2
0.00312,0
0.003124,-0.2
0.003128,-0.2
0.003132,0
0.003136,0.8
0.00314,1.8
0.003144,2.4
0.003148,2.8
0.003152,3
0.003156,3
0.00316,3
0.003164,3.2
0.003168,3
0.003172,3
0.003176,2.8
0.00318,2.8
0.003184,2.8
0.003188,2.8
0.003192,2.6
0.003196,2.6
0.0032,2.6
0.003204,2.4
0.003208,2.4
0.003212,2.4
0.003216,2.2
0.00322,2.2
0.003224,2
0.003228,2
0.003232,2
0.003236,2
0.00324,1.8
0.003244,1.8
0.003248,1.8
0.003252,1.8
0.003256,1.8
0.00326,1.6
0.003264,1.8
0.003268,1.6
0.003272,1.6
0.003276,1.4
0.00328,1.4
0.003284,1.4
0.003288,1.4
0.003292,1.4
0.003296,1.4
0.0033,1.4
0.003304,1.4
0.003308,1.2
0.003312,1.2
0.003316,1.2
0.00332,1.2
0.003324,1
0.003328,1
0.003332,1
0.003336,1
0.00334,1
0.003344,1
0.003348,0.8
0.003352,1
0.003356,0.8
0.00336,0.8
0.003364,0.8
0.003368,0.8
0.003372,0.8
0.003376,0.8
0.00338,0.8
0.003384,0.8
0.003388,0.6
0.003392,0.6
0.003396,0.6
0.0034,0.6
0.003404,0.6
0.003408,0.6
0.003412,0.6
0.003416,0.6
0.00342,0.6
0.003424,0.6
0.003428,0.6
0.003432,0.4
0.003436,0.6
0.00344,0.4
0.003444,0.4
0.003448,0.4
0.003452,0.4
0.003456,0.4
0.00346,0.4
0.003464,0.4
0.003468,0.4
0.003472,0.4
0.003476,0.4
0.00348,0.4
0.003484,0.4
0.003488,0.4
0.003492,0.2
0.003496,0.4
0.0035,0.2
0.003504,0.2
0.003508,0.2
0.003512,0.2
0.003516,0.2
0.00352,0.2
0.003524,0.2
0.003528,0.2
0.003532,0.2
0.003536,0.2
0.00354,0.2
0.003544,0.2
0.003548,0.2
0.003552,0.2
0.003556,0.2
0.00356,0.2
0.003564,0.2
0.003568,0.2
0.003572,0
0.003576,0
0.00358,0.2
0.003584,0.2
0.003588,0.2
0.003592,0.2
0.003596,0.2
0.0036,0.2
0.003604,0
0.003608,0
0.003612,0
0.003616,0
0.00362,0
0.003624,0
0.003628,0
0.003632,0.2
0.003636,0
0.00364,0.2
0.003644,0
0.003648,0.2
0.003652,0.2
0.003656,0
0.00366,0.2
0.003664,0
0.003668,0
0.003672,0
0.003676,0
0.00368,0
0.003684,0
0.003688,0
0.003692,0
0.003696,0.2
0.0037,0
0.003704,0
0.003708,0
0.003712,0
0.003716,0.2
0.00372,0
0.003724,0
0.003728,0
0.003732,0
0.003736,0
0.00374,0
0.003744,0
0.003748,0
0.003752,0
0.003756,0
0.00376,0
0.003764,0
0.003768,0
0.003772,0
0.003776,0
0.00378,0
0.003784,0
0.003788,0
0.003792,0
0.003796,0
0.0038,0
0.003804,0
0.003808,0
0.003812,0
0.003816,0
0.00382,0
0.003824,0
0.003828,0
0.003832,0
0.003836,0
0.00384,0
0.003844,0
0.003848,0
0.003852,0
0.003856,0
0.00386,0
0.003864,0
0.003868,0
0.003872,0
0.003876,0
0.00388,0
0.003884,0
0.003888,0
0.003892,0
0.003896,0
0.0039,0
0.003904,0
0.003908,0
0.003912,0
0.003916,0
0.00392,0
0.003924,0
0.003928,0
0.003932,0
0.003936,0
0.00394,-0.2
0.003944,0
0.003948,0
0.003952,0
0.003956,0
0.00396,0
0.003964,0
0.003968,0
0.003972,0
0.003976,0
0.00398,0
0.003984,0
0.003988,0
0.003992,0
0.003996,0
0.004,0
0.004004,0
0.004008,0
0.004012,0
0.004016,0
0.00402,0
0.004024,0
0.004028,0
0.004032,0
0.004036,0
0.00404,0
0.004044,0
0.004048,0
0.004052,0
0.004056,0
0.00406,0
0.004064,0
0.004068,0
0.004072,0
0.004076,0
0.00408,0
0.004084,0
0.004088,0
0.004092,0
0.004096,0
0.0041,0
0.004104,0
0.004108,0
0.004112,0
0.004116,0
0.00412,0
0.004124,0
0.004128,-0.2
0.004132,0
0.004136,0
0.00414,0
0.004144,0
0.004148,0
0.004152,0
0.004156,0
0.00416,0
0.004164,0
0.004168,0
0.004172,0
0.004176,-1.2
0.00418,-2.2
0.004184,-2.6
0.004188,-3
0.004192,-3
0.004196,-3.2
0.0042,-3.4
0.004204,-3.2
0.004208,-3.2
0.004212,-3
0.004216,-3
0.00422,-3
0.004224,-3
0.004228,-2.8
0.004232,-2.8
0.004236,-2.8
0.00424,-2.8
0.004244,-2.6
0.004248,-2.6
0.004252,-2.4
0.004256,-2.4
0.00426,-2.4
0.004264,-2.2
0.004268,-2.2
0.004272,-2.2
0.004276,-2.2
0.00428,-2
0.004284,-2
0.004288,-2
0.004292,-2
0.004296,-2
0.0043,-1.8
0.004304,-1.8
0.004308,-1.8
0.004312,-1.6
0.004316,-1.6
0.00432,-1.6
0.004324,-1.6
0.004328,-1.6
0.004332,-1.6
0.004336,-1.6
0.00434,-1.6
0.004344,-1.4
0.004348,-1.4
0.004352,-1.2
0.004356,-1.4
0.00436,-1.2
0.004364,-1.2
0.004368,-1.2
0.004372,-1.2
0.004376,-1.2
0.00438,-1.2
0.004384,-1.2
0.004388,-1
0.004392,-1.2
0.004396,-1
0.0044,-1
0.004404,-1
0.004408,-1
0.004412,-1
0.004416,-1
0.00442,-1
0.004424,-1
0.004428,-0.8
0.004432,-0.8
0.004436,-0.8
0.00444,-0.8
0.004444,-0.8
0.004448,-0.8
0.004452,-0.8
0.004456,-0.8
0.00446,-0.6
0.004464,-0.6
0.004468,-0.6
0.004472,-0.6
0.004476,-0.8
0.00448,-0.6
0.004484,-0.6
0.004488,-0.6
0.004492,-0.6
0.004496,-0.6
0.0045,-0.6
0.004504,-0.6
0.004508,-0.6
0.004512,-0.6
0.004516,-0.6
0.00452,-0.6
0.004524,-0.4
0.004528,-0.4
0.004532,-0.4
0.004536,-0.6
0.00454,-0.4
0.004544,-0.4
0.004548,-0.4
0.004552,-0.4
0.004556,-0.4
0.00456,-0.4
0.004564,-0.4
0.004568,-0.4
0.004572,-0.4
0.004576,-0.4
0.00458,-0.4
0.004584,-0.4
0.004588,-0.4
0.004592,-0.4
0.004596,-0.4
0.0046,-0.4
0.004604,-0.4
0.004608,-0.4
0.004612,-0.2
0.004616,-0.4
0.00462,-0.4
0.004624,-0.2
0.004628,-0.4
0.004632,-0.2
0.004636,-0.2
0.00464,-0.4
0.004644,-0.2
0.004648,-0.2
0.004652,-0.4
0.004656,-0.2
0.00466,-0.2
0.004664,-0.2
0.004668,-0.4
0.004672,-0.2
0.004676,-0.2
0.00468,-0.2
0.004684,-0.2
0.004688,-0.2
0.004692,-0.2
0.004696,-0.2
0.0047,-0.4
0.004704,-0.2
0.004708,-0.2
0.004712,-0.2
0.004716,-0.2
0.00472,-0.2
0.004724,-0.2
0.004728,-0.2
0.004732,-0.2
0.004736,-0.2
0.00474,-0.2
0.004744,-0.2
0.004748,-0.2
0.004752,-0.2
0.004756,-0.2
0.00476,-0.2
0.004764,-0.2
0.004768,-0.2
0.004772,-0.2
0.004776,-0.2
0.00478,-0.2
0.004784,-0.2
0.004788,-0.2
0.004792,-0.2
0.004796,-0.2
0.0048,0
0.004804,-0.4
0.004808,-0.2
0.004812,0
0.004816,-0.2
0.00482,-0.2
0.004824,-0.4
0.004828,-0.2
0.004832,0
0.004836,-0.2
0.00484,-0.2
0.004844,-0.2
0.004848,-0.2
0.004852,-0.2
0.004856,-0.2
0.00486,-0.2
0.004864,-0.2
0.004868,-0.2
0.004872,-0.2
0.004876,-0.2
0.00488,-0.2
0.004884,-0.2
0.004888,-0.2
0.004892,-0.2
0.004896,-0.2
0.0049,0
0.004904,-0.2
0.004908,-0.2
0.004912,-0.2
0.004916,-0.2
0.00492,-0.2
0.004924,-0.2
0.004928,-0.2
0.004932,-0.2
0.004936,-0.2
0.00494,-0.2
0.004944,-0.2
0.004948,-0.2
0.004952,-0.2
0.004956,-0.2
0.00496,-0.2
0.004964,-0.2
0.004968,-0.2
0.004972,-0.2
0.004976,-0.2
0.00498,0
0.004984,0
0.004988,-0.2
0.004992,-0.2
0.004996,-0.2
