-0.00075,-0.02
-0.000749,-0.02
-0.000748,-0.02
-0.000747,-0.02
-0.000746,-0.04
-0.000745,-0.04
-0.000744,-0.04
-0.000743,-0.06
-0.000742,-0.04
-0.000741,-0.06
-0.00074,-0.08
-0.000739,-0.08
-0.000738,-0.08
-0.000737,-0.06
-0.000736,-0.06
-0.000735,-0.08
-0.000734,-0.08
-0.000733,-0.08
-0.000732,-0.1
-0.000731,-0.12
-0.00073,-0.08
-0.000729,-0.1
-0.000728,-0.1
-0.000727,-0.14
-0.000726,-0.12
-0.000725,-0.1
-0.000724,-0.12
-0.000723,-0.12
-0.000722,-0.12
-0.000721,-0.12
-0.00072,-0.12
-0.000719,-0.12
-0.000718,-0.14
-0.000717,-0.14
-0.000716,-0.14
-0.000715,-0.14
-0.000714,-0.14
-0.000713,-0.16
-0.000712,-0.16
-0.000711,-0.18
-0.00071,-0.16
-0.000709,-0.18
-0.000708,-0.18
-0.000707,-0.2
-0.000706,-0.18
-0.000705,-0.2
-0.000704,-0.18
-0.000703,-0.18
-0.000702,-0.18
-0.000701,-0.2
-0.0007,-0.2
-0.000699,-0.2
-0.000698,-0.18
-0.000697,-0.2
-0.000696,-0.2
-0.000695,-0.2
-0.000694,-0.2
-0.000693,-0.2
-0.000692,-0.22
-0.000691,-0.22
-0.00069,-0.2
-0.000689,-0.24
-0.000688,-0.22
-0.000687,-0.2
-0.000686,-0.22
-0.000685,-0.22
-0.000684,-0.24
-0.000683,-0.24
-0.000682,-0.24
-0.000681,-0.24
-0.00068,-0.24
-0.000679,-0.24
-0.000678,-0.26
-0.000677,-0.26
-0.000676,-0.26
-0.000675,-0.26
-0.000674,-0.26
-0.000673,-0.26
-0.000672,-0.26
-0.000671,-0.26
-0.00067,-0.28
-0.000669,-0.28
-0.000668,-0.3
-0.000667,-0.28
-0.000666,-0.26
-0.000665,-0.26
-0.000664,-0.26
-0.000663,-0.28
-0.000662,-0.28
-0.000661,-0.28
-0.00066,-0.3
-0.000659,-0.32
-0.000658,-0.28
-0.000657,-0.28
-0.000656,-0.28
-0.000655,-0.28
-0.000654,-0.3
-0.000653,-0.3
-0.000652,-0.32
-0.000651,-0.3
-0.00065,-0.3
-0.000649,-0.32
-0.000648,-0.34
-0.000647,-0.32
-0.000646,-0.3
-0.000645,-0.3
-0.000644,-0.32
-0.000643,-0.34
-0.000642,-0.34
-0.000641,-0.34
-0.00064,-0.32
-0.000639,-0.34
-0.000638,-0.32
-0.000637,-0.34
-0.000636,-0.34
-0.000635,-0.34
-0.000634,-0.34
-0.000633,-0.34
-0.000632,-0.34
-0.000631,-0.34
-0.00063,-0.34
-0.000629,-0.36
-0.000628,-0.36
-0.000627,-0.38
-0.000626,-0.36
-0.000625,-0.36
-0.000624,-0.36
-0.000623,-0.34
-0.000622,-0.38
-0.000621,-0.36
-0.00062,-0.38
-0.000619,-0.36
-0.000618,-0.38
-0.000617,-0.38
-0.000616,-0.36
-0.000615,-0.38
-0.000614,-0.38
-0.000613,-0.38
-0.000612,-0.38
-0.000611,-0.38
-0.00061,-0.4
-0.000609,-0.38
-0.000608,-0.38
-0.000607,-0.38
-0.000606,-0.38
-0.000605,-0.4
-0.000604,-0.38
-0.000603,-0.42
-0.000602,-0.4
-0.000601,-0.38
-0.0006,-0.4
-0.000599,-0.4
-0.000598,-0.4
-0.000597,-0.4
-0.000596,-0.4
-0.000595,-0.42
-0.000594,-0.42
-0.000593,-0.44
-0.000592,-0.4
-0.000591,-0.4
-0.00059,-0.42
-0.000589,-0.42
-0.000588,-0.44
-0.000587,-0.42
-0.000586,-0.4
-0.000585,-0.42
-0.000584,-0.44
-0.000583,-0.44
-0.000582,-0.42
-0.000581,-0.42
-0.00058,-0.42
-0.000579,-0.42
-0.000578,-0.44
-0.000577,-0.42
-0.000576,-0.42
-0.000575,-0.44
-0.000574,-0.44
-0.000573,-0.44
-0.000572,-0.46
-0.000571,-0.44
-0.00057,-0.44
-0.000569,-0.44
-0.000568,-0.44
-0.000567,-0.44
-0.000566,-0.44
-0.000565,-0.46
-0.000564,-0.44
-0.000563,-0.44
-0.000562,-0.46
-0.000561,-0.42
-0.00056,-0.46
-0.000559,-0.46
-0.000558,-0.44
-0.000557,-0.46
-0.000556,-0.46
-0.000555,-0.46
-0.000554,-0.46
-0.000553,-0.46
-0.000552,-0.46
-0.000551,-0.46
-0.00055,-0.46
-0.000549,-0.44
-0.000548,-0.46
-0.000547,-0.48
-0.000546,-0.48
-0.000545,-0.48
-0.000544,-0.48
-0.000543,-0.44
-0.000542,-0.5
-0.000541,-0.48
-0.00054,-0.48
-0.000539,-0.48
-0.000538,-0.46
-0.000537,-0.48
-0.000536,-0.48
-0.000535,-0.48
-0.000534,-0.5
-0.000533,-0.5
-0.000532,-0.48
-0.000531,-0.5
-0.00053,-0.48
-0.000529,-0.48
-0.000528,-0.5
-0.000527,-0.48
-0.000526,-0.48
-0.000525,-0.48
-0.000524,-0.48
-0.000523,-0.48
-0.000522,-0.48
-0.000521,-0.5
-0.00052,-0.5
-0.000519,-0.5
-0.000518,-0.5
-0.000517,-0.48
-0.000516,-0.5
-0.000515,-0.5
-0.000514,-0.5
-0.000513,-0.5
-0.000512,-0.52
-0.000511,-0.5
-0.00051,-0.5
-0.000509,-0.5
-0.000508,-0.5
-0.000507,-0.5
-0.000506,-0.5
-0.000505,-0.5
-0.000504,-0.5
-0.000503,-0.5
-0.000502,-0.5
-0.000501,-0.52
-0.0005,-0.52
-0.000499,-0.5
-0.000498,-0.54
-0.000497,-0.54
-0.000496,-0.52
-0.000495,-0.52
-0.000494,-0.54
-0.000493,-0.5
-0.000492,-0.54
-0.000491,-0.52
-0.00049,-0.5
-0.000489,-0.52
-0.000488,-0.52
-0.000487,-0.52
-0.000486,-0.52
-0.000485,-0.5
-0.000484,-0.52
-0.000483,-0.5
-0.000482,-0.54
-0.000481,-0.52
-0.00048,-0.52
-0.000479,-0.54
-0.000478,-0.5
-0.000477,-0.54
-0.000476,-0.52
-0.000475,-0.52
-0.000474,-0.52
-0.000473,-0.52
-0.000472,-0.52
-0.000471,-0.54
-0.00047,-0.52
-0.000469,-0.54
-0.000468,-0.54
-0.000467,-0.54
-0.000466,-0.54
-0.000465,-0.54
-0.000464,-0.54
-0.000463,-0.56
-0.000462,-0.54
-0.000461,-0.54
-0.00046,-0.52
-0.000459,-0.52
-0.000458,-0.54
-0.000457,-0.54
-0.000456,-0.54
-0.000455,-0.52
-0.000454,-0.54
-0.000453,-0.54
-0.000452,-0.54
-0.000451,-0.54
-0.00045,-0.54
-0.000449,-0.56
-0.000448,-0.54
-0.000447,-0.54
-0.000446,-0.54
-0.000445,-0.54
-0.000444,-0.54
-0.000443,-0.56
-0.000442,-0.54
-0.000441,-0.56
-0.00044,-0.54
-0.000439,-0.56
-0.000438,-0.56
-0.000437,-0.54
-0.000436,-0.56
-0.000435,-0.56
-0.000434,-0.56
-0.000433,-0.54
-0.000432,-0.54
-0.000431,-0.54
-0.00043,-0.56
-0.000429,-0.56
-0.000428,-0.56
-0.000427,-0.54
-0.000426,-0.56
-0.000425,-0.56
-0.000424,-0.56
-0.000423,-0.56
-0.000422,-0.56
-0.000421,-0.56
-0.00042,-0.54
-0.000419,-0.52
-0.000418,-0.56
-0.000417,-0.56
-0.000416,-0.56
-0.000415,-0.56
-0.000414,-0.54
-0.000413,-0.58
-0.000412,-0.58
-0.000411,-0.58
-0.00041,-0.56
-0.000409,-0.56
-0.000408,-0.58
-0.000407,-0.56
-0.000406,-0.56
-0.000405,-0.56
-0.000404,-0.56
-0.000403,-0.56
-0.000402,-0.56
-0.000401,-0.56
-0.0004,-0.56
-0.000399,-0.56
-0.000398,-0.56
-0.000397,-0.56
-0.000396,-0.56
-0.000395,-0.56
-0.000394,-0.58
-0.000393,-0.58
-0.000392,-0.58
-0.000391,-0.56
-0.00039,-0.58
-0.000389,-0.56
-0.000388,-0.58
-0.000387,-0.58
-0.000386,-0.58
-0.000385,-0.56
-0.000384,-0.56
-0.000383,-0.58
-0.000382,-0.58
-0.000381,-0.58
-0.00038,-0.56
-0.000379,-0.56
-0.000378,-0.56
-0.000377,-0.56
-0.000376,-0.56
-0.000375,-0.58
-0.000374,-0.56
-0.000373,-0.56
-0.000372,-0.58
-0.000371,-0.58
-0.00037,-0.56
-0.000369,-0.58
-0.000368,-0.56
-0.000367,-0.58
-0.000366,-0.58
-0.000365,-0.58
-0.000364,-0.58
-0.000363,-0.58
-0.000362,-0.58
-0.000361,-0.58
-0.00036,-0.58
-0.000359,-0.58
-0.000358,-0.58
-0.000357,-0.56
-0.000356,-0.6
-0.000355,-0.58
-0.000354,-0.58
-0.000353,-0.58
-0.000352,-0.56
-0.000351,-0.58
-0.00035,-0.58
-0.000349,-0.58
-0.000348,-0.58
-0.000347,-0.58
-0.000346,-0.58
-0.000345,-0.6
-0.000344,-0.58
-0.000343,-0.58
-0.000342,-0.58
-0.000341,-0.6
-0.00034,-0.56
-0.000339,-0.58
-0.000338,-0.58
-0.000337,-0.58
-0.000336,-0.6
-0.000335,-0.58
-0.000334,-0.6
-0.000333,-0.58
-0.000332,-0.6
-0.000331,-0.6
-0.00033,-0.58
-0.000329,-0.58
-0.000328,-0.58
-0.000327,-0.58
-0.000326,-0.58
-0.000325,-0.6
-0.000324,-0.58
-0.000323,-0.6
-0.000322,-0.6
-0.000321,-0.62
-0.00032,-0.6
-0.000319,-0.6
-0.000318,-0.6
-0.000317,-0.6
-0.000316,-0.6
-0.000315,-0.58
-0.000314,-0.58
-0.000313,-0.58
-0.000312,-0.58
-0.000311,-0.58
-0.00031,-0.58
-0.000309,-0.58
-0.000308,-0.6
-0.000307,-0.6
-0.000306,-0.6
-0.000305,-0.58
-0.000304,-0.58
-0.000303,-0.58
-0.000302,-0.58
-0.000301,-0.58
-0.0003,-0.58
-0.000299,-0.58
-0.000298,-0.6
-0.000297,-0.62
-0.000296,-0.6
-0.000295,-0.6
-0.000294,-0.58
-0.000293,-0.6
-0.000292,-0.6
-0.000291,-0.6
-0.00029,-0.6
-0.000289,-0.6
-0.000288,-0.6
-0.000287,-0.58
-0.000286,-0.58
-0.000285,-0.6
-0.000284,-0.6
-0.000283,-0.6
-0.000282,-0.6
-0.000281,-0.6
-0.00028,-0.6
-0.000279,-0.6
-0.000278,-0.6
-0.000277,-0.6
-0.000276,-0.6
-0.000275,-0.6
-0.000274,-0.6
-0.000273,-0.58
-0.000272,-0.6
-0.000271,-0.6
-0.00027,-0.6
-0.000269,-0.6
-0.000268,-0.6
-0.000267,-0.6
-0.000266,-0.6
-0.000265,-0.6
-0.000264,-0.6
-0.000263,-0.6
-0.000262,-0.6
-0.000261,-0.6
-0.00026,-0.6
-0.000259,-0.6
-0.000258,-0.6
-0.000257,-0.58
-0.000256,-0.58
-0.000255,-0.6
-0.000254,-0.6
-0.000253,-0.6
-0.000252,-0.6
-0.000251,-0.62
-0.00025,-0.62
-0.000249,-0.6
-0.000248,-0.6
-0.000247,-0.6
-0.000246,-0.6
-0.000245,-0.6
-0.000244,-0.6
-0.000243,-0.62
-0.000242,-0.6
-0.000241,-0.62
-0.00024,-0.62
-0.000239,-0.58
-0.000238,-0.6
-0.000237,-0.6
-0.000236,-0.62
-0.000235,-0.6
-0.000234,-0.62
-0.000233,-0.6
-0.000232,-0.6
-0.000231,-0.62
-0.00023,-0.6
-0.000229,-0.6
-0.000228,-0.6
-0.000227,-0.6
-0.000226,-0.6
-0.000225,-0.6
-0.000224,-0.6
-0.000223,-0.62
-0.000222,-0.6
-0.000221,-0.6
-0.00022,-0.62
-0.000219,-0.62
-0.000218,-0.6
-0.000217,-0.6
-0.000216,-0.6
-0.000215,-0.6
-0.000214,-0.6
-0.000213,-0.6
-0.000212,-0.6
-0.000211,-0.6
-0.00021,-0.6
-0.000209,-0.6
-0.000208,-0.6
-0.000207,-0.6
-0.000206,-0.6
-0.000205,-0.6
-0.000204,-0.6
-0.000203,-0.62
-0.000202,-0.62
-0.000201,-0.6
-0.0002,-0.6
-0.000199,-0.6
-0.000198,-0.6
-0.000197,-0.62
-0.000196,-0.6
-0.000195,-0.6
-0.000194,-0.6
-0.000193,-0.6
-0.000192,-0.6
-0.000191,-0.6
-0.00019,-0.6
-0.000189,-0.62
-0.000188,-0.6
-0.000187,-0.62
-0.000186,-0.62
-0.000185,-0.62
-0.000184,-0.6
-0.000183,-0.62
-0.000182,-0.6
-0.000181,-0.6
-0.00018,-0.6
-0.000179,-0.6
-0.000178,-0.6
-0.000177,-0.6
-0.000176,-0.62
-0.000175,-0.62
-0.000174,-0.62
-0.000173,-0.62
-0.000172,-0.6
-0.000171,-0.6
-0.00017,-0.62
-0.000169,-0.6
-0.000168,-0.62
-0.000167,-0.62
-0.000166,-0.6
-0.000165,-0.62
-0.000164,-0.6
-0.000163,-0.62
-0.000162,-0.6
-0.000161,-0.6
-0.00016,-0.62
-0.000159,-0.62
-0.000158,-0.6
-0.000157,-0.62
-0.000156,-0.6
-0.000155,-0.62
-0.000154,-0.6
-0.000153,-0.62
-0.000152,-0.62
-0.000151,-0.6
-0.00015,-0.62
-0.000149,-0.62
-0.000148,-0.62
-0.000147,-0.62
-0.000146,-0.6
-0.000145,-0.62
-0.000144,-0.62
-0.000143,-0.62
-0.000142,-0.62
-0.000141,-0.62
-0.00014,-0.64
-0.000139,-0.64
-0.000138,-0.62
-0.000137,-0.62
-0.000136,-0.62
-0.000135,-0.6
-0.000134,-0.64
-0.000133,-0.62
-0.000132,-0.6
-0.000131,-0.62
-0.00013,-0.58
-0.000129,-0.62
-0.000128,-0.62
-0.000127,-0.64
-0.000126,-0.62
-0.000125,-0.64
-0.000124,-0.6
-0.000123,-0.6
-0.000122,-0.62
-0.000121,-0.62
-0.00012,-0.62
-0.000119,-0.62
-0.000118,-0.62
-0.000117,-0.62
-0.000116,-0.62
-0.000115,-0.62
-0.000114,-0.62
-0.000113,-0.6
-0.000112,-0.64
-0.000111,-0.6
-0.00011,-0.6
-0.000109,-0.6
-0.000108,-0.64
-0.000107,-0.62
-0.000106,-0.62
-0.000105,-0.6
-0.000104,-0.6
-0.000103,-0.62
-0.000102,-0.62
-0.000101,-0.6
-0.0001,-0.6
-0.000099,-0.64
-0.000098,-0.6
-0.000097,-0.6
-0.000096,-0.6
-0.000095,-0.6
-0.000094,-0.62
-0.000093,-0.62
-0.000092,-0.62
-0.000091,-0.6
-0.00009,-0.62
-0.000089,-0.64
-0.000088,-0.64
-0.000087,-0.64
-0.000086,-0.64
-0.000085,-0.62
-0.000084,-0.62
-0.000083,-0.62
-0.000082,-0.62
-0.000081,-0.62
-0.00008,-0.6
-0.000079,-0.62
-0.000078,-0.62
-0.000077,-0.62
-0.000076,-0.62
-0.000075,-0.62
-0.000074,-0.62
-0.000073,-0.62
-0.000072,-0.62
-0.000071,-0.62
-0.00007,-0.62
-0.000069,-0.6
-0.000068,-0.62
-0.000067,-0.62
-0.000066,-0.62
-0.000065,-0.62
-0.000064,-0.6
-0.000063,-0.62
-0.000062,-0.62
-0.000061,-0.6
-0.00006,-0.62
-0.000059,-0.62
-0.000058,-0.62
-0.000057,-0.64
-0.000056,-0.6
-0.000055,-0.6
-0.000054,-0.62
-0.000053,-0.64
-0.000052,-0.62
-0.000051,-0.62
-0.00005,-0.62
-0.000049,-0.6
-0.000048,-0.62
-0.000047,-0.62
-0.000046,-0.64
-0.000045,-0.64
-0.000044,-0.62
-0.000043,-0.62
-0.000042,-0.62
-0.000041,-0.6
-0.00004,-0.6
-0.000039,-0.58
-0.000038,-0.58
-0.000037,-0.6
-0.000036,-0.58
-0.000035,-0.58
-0.000034,-0.56
-0.000033,-0.54
-0.000032,-0.56
-0.000031,-0.56
-0.00003,-0.56
-0.000029,-0.54
-0.000028,-0.54
-0.000027,-0.54
-0.000026,-0.52
-0.000025,-0.54
-0.000024,-0.54
-0.000023,-0.52
-0.000022,-0.52
-0.000021,-0.5
-0.00002,-0.5
-0.000019,-0.5
-0.000018,-0.5
-0.000017,-0.5
-0.000016,-0.5
-0.000015,-0.48
-0.000014,-0.48
-0.000013,-0.46
-0.000012,-0.48
-0.000011,-0.48
-0.00001,-0.44
-0.000009,-0.46
-0.000008,-0.44
-0.000007,-0.46
-0.000006,-0.46
-0.000005,-0.44
-0.000004,-0.44
-0.000003,-0.44
-0.000002,-0.44
-0.000001,-0.42
0,-0.42
0.000001,-0.42
0.000002,-0.42
0.000003,-0.4
0.000004,-0.4
0.000005,-0.38
0.000006,-0.4
0.000007,-0.4
0.000008,-0.38
0.000009,-0.4
0.00001,-0.38
0.000011,-0.36
0.000012,-0.36
0.000013,-0.38
0.000014,-0.36
0.000015,-0.38
0.000016,-0.36
0.000017,-0.34
0.000018,-0.36
0.000019,-0.34
0.00002,-0.34
0.000021,-0.34
0.000022,-0.34
0.000023,-0.32
0.000024,-0.32
0.000025,-0.32
0.000026,-0.32
0.000027,-0.32
0.000028,-0.32
0.000029,-0.3
0.00003,-0.3
0.000031,-0.32
0.000032,-0.28
0.000033,-0.28
0.000034,-0.3
0.000035,-0.3
0.000036,-0.3
0.000037,-0.28
0.000038,-0.28
0.000039,-0.28
0.00004,-0.28
0.000041,-0.28
0.000042,-0.26
0.000043,-0.26
0.000044,-0.24
0.000045,-0.26
0.000046,-0.24
0.000047,-0.24
0.000048,-0.26
0.000049,-0.26
0.00005,-0.24
0.000051,-0.24
0.000052,-0.24
0.000053,-0.22
0.000054,-0.24
0.000055,-0.22
0.000056,-0.22
0.000057,-0.24
0.000058,-0.22
0.000059,-0.22
0.00006,-0.22
0.000061,-0.24
0.000062,-0.22
0.000063,-0.22
0.000064,-0.2
0.000065,-0.2
0.000066,-0.2
0.000067,-0.22
0.000068,-0.22
0.000069,-0.2
0.00007,-0.2
0.000071,-0.2
0.000072,-0.18
0.000073,-0.18
0.000074,-0.2
0.000075,-0.18
0.000076,-0.18
0.000077,-0.18
0.000078,-0.18
0.000079,-0.18
0.00008,-0.18
0.000081,-0.16
0.000082,-0.16
0.000083,-0.16
0.000084,-0.18
0.000085,-0.16
0.000086,-0.14
0.000087,-0.16
0.000088,-0.16
0.000089,-0.16
0.00009,-0.14
0.000091,-0.16
0.000092,-0.14
0.000093,-0.14
0.000094,-0.12
0.000095,-0.14
0.000096,-0.16
0.000097,-0.12
0.000098,-0.12
0.000099,-0.14
0.0001,-0.12
0.000101,-0.12
0.000102,-0.14
0.000103,-0.12
0.000104,-0.12
0.000105,-0.12
0.000106,-0.1
0.000107,-0.12
0.000108,-0.12
0.000109,-0.12
0.00011,-0.12
0.000111,-0.08
0.000112,-0.1
0.000113,-0.12
0.000114,-0.1
0.000115,-0.1
0.000116,-0.08
0.000117,-0.1
0.000118,-0.08
0.000119,-0.08
0.00012,-0.1
0.000121,-0.08
0.000122,-0.08
0.000123,-0.08
0.000124,-0.08
0.000125,-0.06
0.000126,-0.08
0.000127,-0.08
0.000128,-0.06
0.000129,-0.04
0.00013,-0.08
0.000131,-0.04
0.000132,-0.06
0.000133,-0.06
0.000134,-0.04
0.000135,-0.06
0.000136,-0.08
0.000137,-0.06
0.000138,-0.06
0.000139,-0.06
0.00014,-0.06
0.000141,-0.08
0.000142,-0.04
0.000143,-0.06
0.000144,-0.06
0.000145,-0.04
0.000146,-0.02
0.000147,-0.04
0.000148,-0.06
0.000149,-0.02
0.00015,-0.04
0.000151,-0.02
0.000152,-0.02
0.000153,-0.02
0.000154,-0.04
0.000155,-0.02
0.000156,-0.02
0.000157,-0.02
0.000158,-0.02
0.000159,-0.02
0.00016,-0.02
0.000161,-0.02
0.000162,-0.02
0.000163,0
0.000164,-0.02
0.000165,-0.02
0.000166,-0.02
0.000167,-0.02
0.000168,0
0.000169,-0.02
0.00017,-0.02
0.000171,-0.02
0.000172,-0.02
0.000173,-0.02
0.000174,-0.02
0.000175,-0.02
0.000176,0
0.000177,0
0.000178,0
0.000179,0
0.00018,-0.02
0.000181,0
0.000182,0
0.000183,0
0.000184,0
0.000185,0
0.000186,0
0.000187,0
0.000188,0.02
0.000189,0
0.00019,0.02
0.000191,0.02
0.000192,0.02
0.000193,0
0.000194,0.02
0.000195,0.02
0.000196,0
0.000197,0.02
0.000198,0.04
0.000199,0.02
0.0002,0
0.000201,0.02
0.000202,0.02
0.000203,0.04
0.000204,0.02
0.000205,0.02
0.000206,0.02
0.000207,0.04
0.000208,0.04
0.000209,0.04
0.00021,0.04
0.000211,0.02
0.000212,0.06
0.000213,0.04
0.000214,0.04
0.000215,0.06
0.000216,0.04
0.000217,0.06
0.000218,0.04
0.000219,0.04
0.00022,0.06
0.000221,0.06
0.000222,0.02
0.000223,0.06
0.000224,0.04
0.000225,0.06
0.000226,0.04
0.000227,0.06
0.000228,0.04
0.000229,0.06
0.00023,0.06
0.000231,0.04
0.000232,0.06
0.000233,0.06
0.000234,0.08
0.000235,0.08
0.000236,0.06
0.000237,0.06
0.000238,0.06
0.000239,0.08
0.00024,0.08
0.000241,0.06
0.000242,0.08
0.000243,0.06
0.000244,0.06
0.000245,0.08
0.000246,0.06
0.000247,0.06
0.000248,0.08
0.000249,0.08
0.00025,0.08
0.000251,0.08
0.000252,0.08
0.000253,0.08
0.000254,0.08
0.000255,0.06
0.000256,0.06
0.000257,0.08
0.000258,0.08
0.000259,0.1
0.00026,0.08
0.000261,0.08
0.000262,0.08
0.000263,0.08
0.000264,0.1
0.000265,0.08
0.000266,0.1
0.000267,0.1
0.000268,0.08
0.000269,0.08
0.00027,0.08
0.000271,0.08
0.000272,0.08
0.000273,0.08
0.000274,0.08
0.000275,0.08
0.000276,0.1
0.000277,0.1
0.000278,0.1
0.000279,0.08
0.00028,0.12
0.000281,0.08
0.000282,0.08
0.000283,0.1
0.000284,0.12
0.000285,0.08
0.000286,0.1
0.000287,0.1
0.000288,0.1
0.000289,0.12
0.00029,0.12
0.000291,0.1
0.000292,0.1
0.000293,0.1
0.000294,0.1
0.000295,0.1
0.000296,0.1
0.000297,0.12
0.000298,0.12
0.000299,0.12
0.0003,0.12
0.000301,0.12
0.000302,0.12
0.000303,0.1
0.000304,0.12
0.000305,0.12
0.000306,0.1
0.000307,0.12
0.000308,0.1
0.000309,0.12
0.00031,0.14
0.000311,0.1
0.000312,0.12
0.000313,0.12
0.000314,0.1
0.000315,0.12
0.000316,0.12
0.000317,0.1
0.000318,0.12
0.000319,0.14
0.00032,0.1
0.000321,0.12
0.000322,0.12
0.000323,0.12
0.000324,0.12
0.000325,0.12
0.000326,0.12
0.000327,0.14
0.000328,0.12
0.000329,0.12
0.00033,0.14
0.000331,0.12
0.000332,0.14
0.000333,0.12
0.000334,0.12
0.000335,0.12
0.000336,0.12
0.000337,0.14
0.000338,0.12
0.000339,0.14
0.00034,0.14
0.000341,0.12
0.000342,0.12
0.000343,0.12
0.000344,0.14
0.000345,0.12
0.000346,0.14
0.000347,0.12
0.000348,0.12
0.000349,0.12
0.00035,0.14
0.000351,0.14
0.000352,0.12
0.000353,0.14
0.000354,0.14
0.000355,0.12
0.000356,0.14
0.000357,0.12
0.000358,0.14
0.000359,0.12
0.00036,0.12
0.000361,0.14
0.000362,0.12
0.000363,0.12
0.000364,0.12
0.000365,0.14
0.000366,0.14
0.000367,0.14
0.000368,0.14
0.000369,0.14
0.00037,0.14
0.000371,0.14
0.000372,0.14
0.000373,0.14
0.000374,0.14
0.000375,0.14
0.000376,0.14
0.000377,0.14
0.000378,0.12
0.000379,0.12
0.00038,0.14
0.000381,0.16
0.000382,0.14
0.000383,0.14
0.000384,0.14
0.000385,0.14
0.000386,0.14
0.000387,0.14
0.000388,0.14
0.000389,0.16
0.00039,0.16
0.000391,0.14
0.000392,0.14
0.000393,0.14
0.000394,0.14
0.000395,0.14
0.000396,0.14
0.000397,0.14
0.000398,0.14
0.000399,0.14
0.0004,0.14
0.000401,0.16
0.000402,0.14
0.000403,0.14
0.000404,0.16
0.000405,0.14
0.000406,0.14
0.000407,0.16
0.000408,0.16
0.000409,0.16
0.00041,0.14
0.000411,0.16
0.000412,0.16
0.000413,0.14
0.000414,0.14
0.000415,0.16
0.000416,0.14
0.000417,0.18
0.000418,0.14
0.000419,0.16
0.00042,0.16
0.000421,0.16
0.000422,0.14
0.000423,0.14
0.000424,0.16
0.000425,0.14
0.000426,0.16
0.000427,0.14
0.000428,0.18
0.000429,0.14
0.00043,0.16
0.000431,0.16
0.000432,0.16
0.000433,0.16
0.000434,0.14
0.000435,0.16
0.000436,0.16
0.000437,0.16
0.000438,0.18
0.000439,0.14
0.00044,0.16
0.000441,0.16
0.000442,0.16
0.000443,0.18
0.000444,0.16
0.000445,0.18
0.000446,0.16
0.000447,0.14
0.000448,0.16
0.000449,0.14
0.00045,0.16
0.000451,0.16
0.000452,0.16
0.000453,0.16
0.000454,0.16
0.000455,0.16
0.000456,0.16
0.000457,0.16
0.000458,0.14
0.000459,0.16
0.00046,0.16
0.000461,0.16
0.000462,0.16
0.000463,0.18
0.000464,0.16
0.000465,0.16
0.000466,0.18
0.000467,0.16
0.000468,0.16
0.000469,0.18
0.00047,0.16
0.000471,0.16
0.000472,0.18
0.000473,0.16
0.000474,0.18
0.000475,0.18
0.000476,0.16
0.000477,0.18
0.000478,0.16
0.000479,0.16
0.00048,0.18
0.000481,0.14
0.000482,0.16
0.000483,0.16
0.000484,0.18
0.000485,0.18
0.000486,0.18
0.000487,0.16
0.000488,0.18
0.000489,0.16
0.00049,0.18
0.000491,0.18
0.000492,0.16
0.000493,0.16
0.000494,0.18
0.000495,0.16
0.000496,0.16
0.000497,0.18
0.000498,0.18
0.000499,0.16
0.0005,0.18
0.000501,0.16
0.000502,0.18
0.000503,0.18
0.000504,0.16
0.000505,0.14
0.000506,0.18
0.000507,0.16
0.000508,0.16
0.000509,0.16
0.00051,0.16
0.000511,0.16
0.000512,0.18
0.000513,0.18
0.000514,0.18
0.000515,0.16
0.000516,0.18
0.000517,0.18
0.000518,0.18
0.000519,0.18
0.00052,0.18
0.000521,0.18
0.000522,0.18
0.000523,0.16
0.000524,0.2
0.000525,0.2
0.000526,0.16
0.000527,0.18
0.000528,0.16
0.000529,0.18
0.00053,0.18
0.000531,0.16
0.000532,0.2
0.000533,0.16
0.000534,0.18
0.000535,0.16
0.000536,0.18
0.000537,0.18
0.000538,0.18
0.000539,0.16
0.00054,0.18
0.000541,0.16
0.000542,0.18
0.000543,0.18
0.000544,0.18
0.000545,0.18
0.000546,0.18
0.000547,0.18
0.000548,0.2
0.000549,0.18
0.00055,0.16
0.000551,0.18
0.000552,0.18
0.000553,0.18
0.000554,0.2
0.000555,0.18
0.000556,0.18
0.000557,0.18
0.000558,0.18
0.000559,0.18
0.00056,0.18
0.000561,0.18
0.000562,0.2
0.000563,0.18
0.000564,0.18
0.000565,0.18
0.000566,0.18
0.000567,0.18
0.000568,0.18
0.000569,0.18
0.00057,0.2
0.000571,0.18
0.000572,0.16
0.000573,0.16
0.000574,0.18
0.000575,0.16
0.000576,0.2
0.000577,0.18
0.000578,0.16
0.000579,0.18
0.00058,0.18
0.000581,0.16
0.000582,0.18
0.000583,0.18
0.000584,0.18
0.000585,0.2
0.000586,0.18
0.000587,0.16
0.000588,0.18
0.000589,0.2
0.00059,0.18
0.000591,0.2
0.000592,0.18
0.000593,0.18
0.000594,0.18
0.000595,0.2
0.000596,0.18
0.000597,0.18
0.000598,0.2
0.000599,0.18
0.0006,0.16
0.000601,0.18
0.000602,0.18
0.000603,0.18
0.000604,0.18
0.000605,0.18
0.000606,0.18
0.000607,0.18
0.000608,0.18
0.000609,0.18
0.00061,0.18
0.000611,0.18
0.000612,0.2
0.000613,0.18
0.000614,0.18
0.000615,0.2
0.000616,0.18
0.000617,0.18
0.000618,0.2
0.000619,0.2
0.00062,0.18
0.000621,0.18
0.000622,0.2
0.000623,0.2
0.000624,0.18
0.000625,0.18
0.000626,0.18
0.000627,0.18
0.000628,0.18
0.000629,0.2
0.00063,0.18
0.000631,0.18
0.000632,0.18
0.000633,0.18
0.000634,0.18
0.000635,0.18
0.000636,0.18
0.000637,0.2
0.000638,0.18
0.000639,0.18
0.00064,0.2
0.000641,0.18
0.000642,0.18
0.000643,0.18
0.000644,0.2
0.000645,0.18
0.000646,0.18
0.000647,0.18
0.000648,0.2
0.000649,0.18
0.00065,0.18
0.000651,0.18
0.000652,0.2
0.000653,0.18
0.000654,0.18
0.000655,0.18
0.000656,0.18
0.000657,0.2
0.000658,0.18
0.000659,0.18
0.00066,0.2
0.000661,0.22
0.000662,0.18
0.000663,0.18
0.000664,0.18
0.000665,0.22
0.000666,0.18
0.000667,0.2
0.000668,0.2
0.000669,0.2
0.00067,0.18
0.000671,0.18
0.000672,0.2
0.000673,0.2
0.000674,0.2
0.000675,0.18
0.000676,0.18
0.000677,0.18
0.000678,0.2
0.000679,0.16
0.00068,0.18
0.000681,0.18
0.000682,0.18
0.000683,0.18
0.000684,0.18
0.000685,0.2
0.000686,0.2
0.000687,0.18
0.000688,0.2
0.000689,0.18
0.00069,0.2
0.000691,0.18
0.000692,0.2
0.000693,0.22
0.000694,0.18
0.000695,0.2
0.000696,0.18
0.000697,0.18
0.000698,0.18
0.000699,0.18
0.0007,0.2
0.000701,0.18
0.000702,0.18
0.000703,0.2
0.000704,0.18
0.000705,0.2
0.000706,0.2
0.000707,0.18
0.000708,0.18
0.000709,0.16
0.00071,0.18
0.000711,0.16
0.000712,0.16
0.000713,0.14
0.000714,0.16
0.000715,0.14
0.000716,0.14
0.000717,0.12
0.000718,0.12
0.000719,0.1
0.00072,0.12
0.000721,0.1
0.000722,0.1
0.000723,0.1
0.000724,0.1
0.000725,0.08
0.000726,0.1
0.000727,0.08
0.000728,0.08
0.000729,0.06
0.00073,0.08
0.000731,0.06
0.000732,0.08
0.000733,0.06
0.000734,0.06
0.000735,0.04
0.000736,0.04
0.000737,0.04
0.000738,0.02
0.000739,0.04
0.00074,0.02
0.000741,0.02
0.000742,0.02
0.000743,0.02
0.000744,0
0.000745,0
0.000746,0
0.000747,0
0.000748,-0.02
0.000749,0
0.00075,-0.02
0.000751,-0.02
0.000752,-0.02
0.000753,-0.02
0.000754,-0.02
0.000755,-0.04
0.000756,-0.04
0.000757,-0.04
0.000758,-0.04
0.000759,-0.04
0.00076,-0.04
0.000761,-0.04
0.000762,-0.08
0.000763,-0.06
0.000764,-0.06
0.000765,-0.06
0.000766,-0.06
0.000767,-0.08
0.000768,-0.08
0.000769,-0.1
0.00077,-0.08
0.000771,-0.08
0.000772,-0.1
0.000773,-0.12
0.000774,-0.1
0.000775,-0.12
0.000776,-0.12
0.000777,-0.1
0.000778,-0.1
0.000779,-0.12
0.00078,-0.1
0.000781,-0.16
0.000782,-0.12
0.000783,-0.14
0.000784,-0.12
0.000785,-0.16
0.000786,-0.14
0.000787,-0.14
0.000788,-0.16
0.000789,-0.14
0.00079,-0.16
0.000791,-0.16
0.000792,-0.16
0.000793,-0.16
0.000794,-0.16
0.000795,-0.18
0.000796,-0.14
0.000797,-0.18
0.000798,-0.18
0.000799,-0.16
0.0008,-0.18
0.000801,-0.18
0.000802,-0.2
0.000803,-0.18
0.000804,-0.18
0.000805,-0.2
0.000806,-0.2
0.000807,-0.2
0.000808,-0.2
0.000809,-0.2
0.00081,-0.22
0.000811,-0.22
0.000812,-0.22
0.000813,-0.2
0.000814,-0.22
0.000815,-0.22
0.000816,-0.22
0.000817,-0.22
0.000818,-0.24
0.000819,-0.22
0.00082,-0.22
0.000821,-0.22
0.000822,-0.24
0.000823,-0.24
0.000824,-0.24
0.000825,-0.24
0.000826,-0.24
0.000827,-0.26
0.000828,-0.24
0.000829,-0.26
0.00083,-0.24
0.000831,-0.26
0.000832,-0.28
0.000833,-0.26
0.000834,-0.28
0.000835,-0.28
0.000836,-0.26
0.000837,-0.28
0.000838,-0.28
0.000839,-0.28
0.00084,-0.28
0.000841,-0.3
0.000842,-0.28
0.000843,-0.28
0.000844,-0.26
0.000845,-0.3
0.000846,-0.28
0.000847,-0.28
0.000848,-0.3
0.000849,-0.3
0.00085,-0.3
0.000851,-0.28
0.000852,-0.3
0.000853,-0.32
0.000854,-0.3
0.000855,-0.32
0.000856,-0.32
0.000857,-0.34
0.000858,-0.34
0.000859,-0.32
0.00086,-0.34
0.000861,-0.32
0.000862,-0.32
0.000863,-0.34
0.000864,-0.32
0.000865,-0.32
0.000866,-0.34
0.000867,-0.34
0.000868,-0.34
0.000869,-0.34
0.00087,-0.34
0.000871,-0.34
0.000872,-0.34
0.000873,-0.36
0.000874,-0.34
0.000875,-0.36
0.000876,-0.38
0.000877,-0.36
0.000878,-0.36
0.000879,-0.36
0.00088,-0.38
0.000881,-0.38
0.000882,-0.38
0.000883,-0.38
0.000884,-0.38
0.000885,-0.36
0.000886,-0.38
0.000887,-0.36
0.000888,-0.38
0.000889,-0.38
0.00089,-0.38
0.000891,-0.38
0.000892,-0.38
0.000893,-0.38
0.000894,-0.38
0.000895,-0.4
0.000896,-0.38
0.000897,-0.38
0.000898,-0.38
0.000899,-0.4
0.0009,-0.38
0.000901,-0.4
0.000902,-0.4
0.000903,-0.4
0.000904,-0.4
0.000905,-0.38
0.000906,-0.4
0.000907,-0.38
0.000908,-0.42
0.000909,-0.38
0.00091,-0.4
0.000911,-0.4
0.000912,-0.4
0.000913,-0.4
0.000914,-0.4
0.000915,-0.44
0.000916,-0.42
0.000917,-0.42
0.000918,-0.4
0.000919,-0.4
0.00092,-0.42
0.000921,-0.44
0.000922,-0.44
0.000923,-0.42
0.000924,-0.44
0.000925,-0.44
0.000926,-0.42
0.000927,-0.44
0.000928,-0.44
0.000929,-0.44
0.00093,-0.44
0.000931,-0.42
0.000932,-0.44
0.000933,-0.44
0.000934,-0.44
0.000935,-0.46
0.000936,-0.46
0.000937,-0.44
0.000938,-0.44
0.000939,-0.46
0.00094,-0.44
0.000941,-0.46
0.000942,-0.44
0.000943,-0.46
0.000944,-0.44
0.000945,-0.44
0.000946,-0.46
0.000947,-0.46
0.000948,-0.46
0.000949,-0.46
0.00095,-0.48
0.000951,-0.46
0.000952,-0.48
0.000953,-0.48
0.000954,-0.46
0.000955,-0.46
0.000956,-0.46
0.000957,-0.46
0.000958,-0.48
0.000959,-0.46
0.00096,-0.44
0.000961,-0.48
0.000962,-0.48
0.000963,-0.48
0.000964,-0.48
0.000965,-0.48
0.000966,-0.46
0.000967,-0.48
0.000968,-0.48
0.000969,-0.48
0.00097,-0.48
0.000971,-0.48
0.000972,-0.48
0.000973,-0.5
0.000974,-0.48
0.000975,-0.48
0.000976,-0.5
0.000977,-0.48
0.000978,-0.5
0.000979,-0.5
0.00098,-0.46
0.000981,-0.48
0.000982,-0.48
0.000983,-0.48
0.000984,-0.5
0.000985,-0.48
0.000986,-0.5
0.000987,-0.5
0.000988,-0.5
0.000989,-0.5
0.00099,-0.5
0.000991,-0.5
0.000992,-0.5
0.000993,-0.5
0.000994,-0.5
0.000995,-0.5
0.000996,-0.52
0.000997,-0.5
0.000998,-0.5
0.000999,-0.5
0.001,-0.5
0.001001,-0.5
0.001002,-0.5
0.001003,-0.52
0.001004,-0.5
0.001005,-0.52
0.001006,-0.52
0.001007,-0.52
0.001008,-0.54
0.001009,-0.52
0.00101,-0.5
0.001011,-0.54
0.001012,-0.52
0.001013,-0.5
0.001014,-0.52
0.001015,-0.54
0.001016,-0.52
0.001017,-0.52
0.001018,-0.52
0.001019,-0.52
0.00102,-0.54
0.001021,-0.52
0.001022,-0.54
0.001023,-0.52
0.001024,-0.54
0.001025,-0.52
0.001026,-0.52
0.001027,-0.52
0.001028,-0.54
0.001029,-0.54
0.00103,-0.54
0.001031,-0.54
0.001032,-0.54
0.001033,-0.54
0.001034,-0.52
0.001035,-0.52
0.001036,-0.52
0.001037,-0.54
0.001038,-0.54
0.001039,-0.54
0.00104,-0.54
0.001041,-0.54
0.001042,-0.54
0.001043,-0.54
0.001044,-0.54
0.001045,-0.54
0.001046,-0.54
0.001047,-0.54
0.001048,-0.54
0.001049,-0.54
0.00105,-0.54
0.001051,-0.54
0.001052,-0.54
0.001053,-0.54
0.001054,-0.54
0.001055,-0.54
0.001056,-0.54
0.001057,-0.54
0.001058,-0.54
0.001059,-0.54
0.00106,-0.56
0.001061,-0.56
0.001062,-0.54
0.001063,-0.54
0.001064,-0.54
0.001065,-0.56
0.001066,-0.54
0.001067,-0.56
0.001068,-0.56
0.001069,-0.56
0.00107,-0.54
0.001071,-0.56
0.001072,-0.56
0.001073,-0.56
0.001074,-0.56
0.001075,-0.54
0.001076,-0.56
0.001077,-0.56
0.001078,-0.56
0.001079,-0.54
0.00108,-0.56
0.001081,-0.56
0.001082,-0.56
0.001083,-0.54
0.001084,-0.56
0.001085,-0.54
0.001086,-0.54
0.001087,-0.56
0.001088,-0.56
0.001089,-0.56
0.00109,-0.56
0.001091,-0.56
0.001092,-0.56
0.001093,-0.56
0.001094,-0.56
0.001095,-0.56
0.001096,-0.56
0.001097,-0.56
0.001098,-0.54
0.001099,-0.58
0.0011,-0.54
0.001101,-0.56
0.001102,-0.56
0.001103,-0.56
0.001104,-0.56
0.001105,-0.56
0.001106,-0.58
0.001107,-0.56
0.001108,-0.56
0.001109,-0.58
0.00111,-0.58
0.001111,-0.56
0.001112,-0.58
0.001113,-0.58
0.001114,-0.56
0.001115,-0.56
0.001116,-0.58
0.001117,-0.58
0.001118,-0.56
0.001119,-0.58
0.00112,-0.58
0.001121,-0.58
0.001122,-0.58
0.001123,-0.58
0.001124,-0.58
0.001125,-0.58
0.001126,-0.56
0.001127,-0.56
0.001128,-0.58
0.001129,-0.58
0.00113,-0.58
0.001131,-0.58
0.001132,-0.58
0.001133,-0.58
0.001134,-0.58
0.001135,-0.58
0.001136,-0.58
0.001137,-0.58
0.001138,-0.58
0.001139,-0.56
0.00114,-0.56
0.001141,-0.58
0.001142,-0.6
0.001143,-0.56
0.001144,-0.58
0.001145,-0.6
0.001146,-0.56
0.001147,-0.58
0.001148,-0.58
0.001149,-0.58
0.00115,-0.56
0.001151,-0.58
0.001152,-0.6
0.001153,-0.58
0.001154,-0.56
0.001155,-0.58
0.001156,-0.58
0.001157,-0.58
0.001158,-0.58
0.001159,-0.6
0.00116,-0.58
0.001161,-0.6
0.001162,-0.58
0.001163,-0.58
0.001164,-0.6
0.001165,-0.6
0.001166,-0.58
0.001167,-0.6
0.001168,-0.58
0.001169,-0.58
0.00117,-0.56
0.001171,-0.58
0.001172,-0.58
0.001173,-0.58
0.001174,-0.6
0.001175,-0.58
0.001176,-0.6
0.001177,-0.6
0.001178,-0.58
0.001179,-0.6
0.00118,-0.6
0.001181,-0.6
0.001182,-0.62
0.001183,-0.58
0.001184,-0.6
0.001185,-0.6
0.001186,-0.58
0.001187,-0.6
0.001188,-0.6
0.001189,-0.6
0.00119,-0.58
0.001191,-0.6
0.001192,-0.6
0.001193,-0.6
0.001194,-0.6
0.001195,-0.6
0.001196,-0.6
0.001197,-0.6
0.001198,-0.6
0.001199,-0.58
0.0012,-0.58
0.001201,-0.62
0.001202,-0.6
0.001203,-0.58
0.001204,-0.6
0.001205,-0.58
0.001206,-0.6
0.001207,-0.6
0.001208,-0.58
0.001209,-0.6
0.00121,-0.6
0.001211,-0.6
0.001212,-0.6
0.001213,-0.6
0.001214,-0.6
0.001215,-0.6
0.001216,-0.62
0.001217,-0.6
0.001218,-0.6
0.001219,-0.6
0.00122,-0.6
0.001221,-0.6
0.001222,-0.6
0.001223,-0.6
0.001224,-0.58
0.001225,-0.58
0.001226,-0.6
0.001227,-0.6
0.001228,-0.6
0.001229,-0.6
0.00123,-0.6
0.001231,-0.6
0.001232,-0.6
0.001233,-0.6
0.001234,-0.6
0.001235,-0.6
0.001236,-0.6
0.001237,-0.6
0.001238,-0.6
0.001239,-0.6
0.00124,-0.6
0.001241,-0.6
0.001242,-0.6
0.001243,-0.6
0.001244,-0.6
0.001245,-0.6
0.001246,-0.64
0.001247,-0.62
0.001248,-0.6
0.001249,-0.6
0.00125,-0.6
0.001251,-0.6
0.001252,-0.6
0.001253,-0.6
0.001254,-0.6
0.001255,-0.6
0.001256,-0.6
0.001257,-0.6
0.001258,-0.6
0.001259,-0.62
0.00126,-0.62
0.001261,-0.6
0.001262,-0.62
0.001263,-0.6
0.001264,-0.6
0.001265,-0.6
0.001266,-0.58
0.001267,-0.6
0.001268,-0.6
0.001269,-0.6
0.00127,-0.6
0.001271,-0.6
0.001272,-0.6
0.001273,-0.6
0.001274,-0.6
0.001275,-0.6
0.001276,-0.6
0.001277,-0.6
0.001278,-0.62
0.001279,-0.6
0.00128,-0.62
0.001281,-0.58
0.001282,-0.6
0.001283,-0.62
0.001284,-0.6
0.001285,-0.6
0.001286,-0.6
0.001287,-0.62
0.001288,-0.6
0.001289,-0.62
0.00129,-0.62
0.001291,-0.6
0.001292,-0.6
0.001293,-0.6
0.001294,-0.6
0.001295,-0.62
0.001296,-0.62
0.001297,-0.6
0.001298,-0.62
0.001299,-0.6
0.0013,-0.6
0.001301,-0.62
0.001302,-0.62
0.001303,-0.6
0.001304,-0.62
0.001305,-0.6
0.001306,-0.62
0.001307,-0.62
0.001308,-0.62
0.001309,-0.62
0.00131,-0.62
0.001311,-0.6
0.001312,-0.62
0.001313,-0.62
0.001314,-0.6
0.001315,-0.6
0.001316,-0.62
0.001317,-0.6
0.001318,-0.62
0.001319,-0.6
0.00132,-0.62
0.001321,-0.6
0.001322,-0.62
0.001323,-0.6
0.001324,-0.62
0.001325,-0.62
0.001326,-0.62
0.001327,-0.62
0.001328,-0.62
0.001329,-0.62
0.00133,-0.6
0.001331,-0.62
0.001332,-0.6
0.001333,-0.62
0.001334,-0.6
0.001335,-0.62
0.001336,-0.6
0.001337,-0.62
0.001338,-0.62
0.001339,-0.6
0.00134,-0.62
0.001341,-0.6
0.001342,-0.62
0.001343,-0.62
0.001344,-0.62
0.001345,-0.62
0.001346,-0.6
0.001347,-0.64
0.001348,-0.6
0.001349,-0.64
0.00135,-0.62
0.001351,-0.62
0.001352,-0.62
0.001353,-0.6
0.001354,-0.6
0.001355,-0.62
0.001356,-0.6
0.001357,-0.6
0.001358,-0.6
0.001359,-0.6
0.00136,-0.64
0.001361,-0.6
0.001362,-0.62
0.001363,-0.6
0.001364,-0.6
0.001365,-0.64
0.001366,-0.62
0.001367,-0.62
0.001368,-0.62
0.001369,-0.6
0.00137,-0.62
0.001371,-0.62
0.001372,-0.62
0.001373,-0.62
0.001374,-0.6
0.001375,-0.62
0.001376,-0.6
0.001377,-0.6
0.001378,-0.62
0.001379,-0.6
0.00138,-0.6
0.001381,-0.62
0.001382,-0.6
0.001383,-0.62
0.001384,-0.62
0.001385,-0.62
0.001386,-0.64
0.001387,-0.62
0.001388,-0.62
0.001389,-0.62
0.00139,-0.62
0.001391,-0.6
0.001392,-0.62
0.001393,-0.64
0.001394,-0.6
0.001395,-0.62
0.001396,-0.62
0.001397,-0.6
0.001398,-0.62
0.001399,-0.62
0.0014,-0.62
0.001401,-0.62
0.001402,-0.6
0.001403,-0.62
0.001404,-0.62
0.001405,-0.62
0.001406,-0.64
0.001407,-0.62
0.001408,-0.62
0.001409,-0.62
0.00141,-0.64
0.001411,-0.62
0.001412,-0.6
0.001413,-0.62
0.001414,-0.62
0.001415,-0.6
0.001416,-0.62
0.001417,-0.64
0.001418,-0.6
0.001419,-0.62
0.00142,-0.6
0.001421,-0.64
0.001422,-0.62
0.001423,-0.6
0.001424,-0.62
0.001425,-0.62
0.001426,-0.64
0.001427,-0.6
0.001428,-0.62
0.001429,-0.64
0.00143,-0.62
0.001431,-0.62
0.001432,-0.62
0.001433,-0.6
0.001434,-0.62
0.001435,-0.62
0.001436,-0.62
0.001437,-0.62
0.001438,-0.64
0.001439,-0.62
0.00144,-0.62
0.001441,-0.6
0.001442,-0.6
0.001443,-0.62
0.001444,-0.62
0.001445,-0.62
0.001446,-0.62
0.001447,-0.6
0.001448,-0.62
0.001449,-0.62
0.00145,-0.6
0.001451,-0.6
0.001452,-0.62
0.001453,-0.6
0.001454,-0.62
0.001455,-0.62
0.001456,-0.6
0.001457,-0.6
0.001458,-0.62
0.001459,-0.62
0.00146,-0.6
0.001461,-0.62
0.001462,-0.62
0.001463,-0.62
0.001464,-0.58
0.001465,-0.6
0.001466,-0.6
0.001467,-0.58
0.001468,-0.58
0.001469,-0.58
0.00147,-0.56
0.001471,-0.58
0.001472,-0.56
0.001473,-0.56
0.001474,-0.54
0.001475,-0.54
0.001476,-0.52
0.001477,-0.52
0.001478,-0.52
0.001479,-0.54
0.00148,-0.5
0.001481,-0.52
0.001482,-0.52
0.001483,-0.5
0.001484,-0.5
0.001485,-0.5
0.001486,-0.5
0.001487,-0.48
0.001488,-0.48
0.001489,-0.48
0.00149,-0.48
0.001491,-0.48
0.001492,-0.48
0.001493,-0.46
0.001494,-0.44
0.001495,-0.46
0.001496,-0.44
0.001497,-0.46
0.001498,-0.44
0.001499,-0.42
0.0015,-0.44
0.001501,-0.42
0.001502,-0.44
0.001503,-0.4
0.001504,-0.42
0.001505,-0.42
0.001506,-0.42
0.001507,-0.42
0.001508,-0.38
0.001509,-0.38
0.00151,-0.38
0.001511,-0.38
0.001512,-0.38
0.001513,-0.38
0.001514,-0.38
0.001515,-0.38
0.001516,-0.38
0.001517,-0.36
0.001518,-0.38
0.001519,-0.34
0.00152,-0.36
0.001521,-0.34
0.001522,-0.36
0.001523,-0.34
0.001524,-0.34
0.001525,-0.34
0.001526,-0.34
0.001527,-0.34
0.001528,-0.34
0.001529,-0.32
0.00153,-0.32
0.001531,-0.3
0.001532,-0.32
0.001533,-0.3
0.001534,-0.3
0.001535,-0.3
0.001536,-0.3
0.001537,-0.28
0.001538,-0.3
0.001539,-0.3
0.00154,-0.28
0.001541,-0.28
0.001542,-0.28
0.001543,-0.28
0.001544,-0.28
0.001545,-0.28
0.001546,-0.28
0.001547,-0.26
0.001548,-0.26
0.001549,-0.24
0.00155,-0.26
0.001551,-0.26
0.001552,-0.24
0.001553,-0.26
0.001554,-0.24
0.001555,-0.24
0.001556,-0.24
0.001557,-0.24
0.001558,-0.22
0.001559,-0.22
0.00156,-0.22
0.001561,-0.22
0.001562,-0.22
0.001563,-0.22
0.001564,-0.22
0.001565,-0.2
0.001566,-0.2
0.001567,-0.2
0.001568,-0.2
0.001569,-0.2
0.00157,-0.2
0.001571,-0.2
0.001572,-0.2
0.001573,-0.2
0.001574,-0.18
0.001575,-0.18
0.001576,-0.18
0.001577,-0.18
0.001578,-0.18
0.001579,-0.18
0.00158,-0.16
0.001581,-0.18
0.001582,-0.16
0.001583,-0.18
0.001584,-0.18
0.001585,-0.16
0.001586,-0.18
0.001587,-0.18
0.001588,-0.18
0.001589,-0.16
0.00159,-0.18
0.001591,-0.14
0.001592,-0.14
0.001593,-0.14
0.001594,-0.16
0.001595,-0.16
0.001596,-0.14
0.001597,-0.14
0.001598,-0.12
0.001599,-0.14
0.0016,-0.14
0.001601,-0.12
0.001602,-0.14
0.001603,-0.12
0.001604,-0.12
0.001605,-0.12
0.001606,-0.12
0.001607,-0.12
0.001608,-0.12
0.001609,-0.12
0.00161,-0.12
0.001611,-0.1
0.001612,-0.1
0.001613,-0.12
0.001614,-0.1
0.001615,-0.12
0.001616,-0.1
0.001617,-0.08
0.001618,-0.12
0.001619,-0.1
0.00162,-0.1
0.001621,-0.08
0.001622,-0.1
0.001623,-0.08
0.001624,-0.08
0.001625,-0.08
0.001626,-0.08
0.001627,-0.08
0.001628,-0.08
0.001629,-0.08
0.00163,-0.08
0.001631,-0.06
0.001632,-0.08
0.001633,-0.06
0.001634,-0.08
0.001635,-0.04
0.001636,-0.08
0.001637,-0.06
0.001638,-0.06
0.001639,-0.08
0.00164,-0.06
0.001641,-0.06
0.001642,-0.06
0.001643,-0.06
0.001644,-0.06
0.001645,-0.06
0.001646,-0.04
0.001647,-0.04
0.001648,-0.06
0.001649,-0.06
0.00165,-0.04
0.001651,-0.04
0.001652,-0.04
0.001653,-0.02
0.001654,-0.06
0.001655,-0.02
0.001656,-0.06
0.001657,-0.02
0.001658,-0.04
0.001659,-0.04
0.00166,-0.02
0.001661,-0.02
0.001662,-0.02
0.001663,-0.02
0.001664,-0.02
0.001665,-0.02
0.001666,-0.02
0.001667,0
0.001668,-0.02
0.001669,0
0.00167,0
0.001671,0
0.001672,-0.02
0.001673,0
0.001674,0
0.001675,0
0.001676,0.02
0.001677,0
0.001678,0
0.001679,-0.02
0.00168,0
0.001681,-0.02
0.001682,0
0.001683,0
0.001684,0
0.001685,0.02
0.001686,0
0.001687,0
0.001688,0.02
0.001689,0
0.00169,0.02
0.001691,0.02
0.001692,0.02
0.001693,0
0.001694,0.02
0.001695,0.02
0.001696,0
0.001697,0.02
0.001698,0.02
0.001699,0.02
0.0017,0.02
0.001701,0.04
0.001702,0.04
0.001703,0.02
0.001704,0.02
0.001705,0.02
0.001706,0.02
0.001707,0.02
0.001708,0.02
0.001709,0.04
0.00171,0.02
0.001711,0.04
0.001712,0.04
0.001713,0
0.001714,0.02
0.001715,0.04
0.001716,0.04
0.001717,0.04
0.001718,0.04
0.001719,0.04
0.00172,0.02
0.001721,0.06
0.001722,0.06
0.001723,0.04
0.001724,0.06
0.001725,0.04
0.001726,0.06
0.001727,0.04
0.001728,0.06
0.001729,0.06
0.00173,0.06
0.001731,0.06
0.001732,0.04
0.001733,0.06
0.001734,0.06
0.001735,0.04
0.001736,0.06
0.001737,0.08
0.001738,0.06
0.001739,0.06
0.00174,0.06
0.001741,0.08
0.001742,0.1
0.001743,0.06
0.001744,0.06
0.001745,0.06
0.001746,0.08
0.001747,0.08
0.001748,0.08
0.001749,0.06
